event_index,event_date,event_id,bout_key,fighter_a_id,fighter_b_id,fighter_a,fighter_b,winner_a,winner_name,method,finish_round,duration_minutes,age_diff,height_diff,reach_diff,southpaw_diff,grappler_style_diff,striker_style_diff,prior_bouts_diff,prior_win_pct_diff,prior_finish_pct_diff,prior_ko_win_pct_diff,prior_sub_win_pct_diff,prior_avg_duration_diff,prior_sig_landed_pm_diff,prior_td_landed_per15_diff,prior_kd_per15_diff,prior_sub_attempts_per15_diff
0,2017-07-11,400961602,400961602|2506260|2558159,2506260,2558159,greg rebello,azunna anyanwu,0,azunna anyanwu,KO-TKO,2,8.07,-0.8542269861804144,-2.539999999999992,-10.160000000000025,1,0,-1,0,0,0,0,0,0,0,0,0,0
0,2017-07-11,400961602,400961602|3020777|4237148,4237148,3020777,jamie pickett,charles byrd,0,charles byrd,SUBMISSION,1,4.92,-4.8844261004675005,10.159999999999997,17.78,0,0,0,0,0,0,0,0,0,0,0,0,0
0,2017-07-11,400961602,400961602|3122040|3928693,3122040,3928693,boston salmon,ricky turcios,1,boston salmon,DEC-UNA,3,15,2.540777702485336,0,-7.6200000000000045,1,0,1,0,0,0,0,0,0,0,0,0,0
0,2017-07-11,400961602,400961602|3128221|3961774,3128221,3961774,joby sanchez,manny vazquez,1,joby sanchez,DEC-UNA,3,15,2.4066202591428976,-10.160000000000025,-10.159999999999997,0,0,0,0,0,0,0,0,0,0,0,0,0
1,2017-07-19,400966346,400966346|2553221|3024141,3024141,2553221,dan spohn,angel de anda,1,dan spohn,SUBMISSION,1,3.17,0.6242427975933822,20.319999999999993,195.58,1,0,-1,0,0,0,0,0,0,0,0,0,0
1,2017-07-19,400966346,400966346|2557012|3895524,2557012,3895524,lazar stojadinovic,thanh le,0,thanh le,KO-TKO,2,6.58,-3.5647549230990343,-5.079999999999984,-16.50999999999999,1,0,0,0,0,0,0,0,0,0,0,0,0
1,2017-07-19,400966346,400966346|4030197|4082117,4082117,4030197,cee jay hamilton,casey kenney,0,casey kenney,DEC-UNA,3,15,4.4490988863563246,-2.5400000000000205,10.159999999999997,-1,-1,0,0,0,0,0,0,0,0,0,0,0
1,2017-07-19,400966346,400966346|4040925|4237605,4237605,4040925,michael cora,sidney outlaw,0,sidney outlaw,DEC-UNA,3,15,2.6311286337159565,-175.26,2.5400000000000205,1,0,1,0,0,0,0,0,0,0,0,0,0
1,2017-07-19,400966346,400966346|4082018|4205093,4082018,4205093,alfred khashakyan,sean o'malley,0,sean o'malley,KO-TKO,1,4.23,6.2698070460036845,-7.6200000000000045,-5.079999999999984,0,0,-1,0,0,0,0,0,0,0,0,0,0
2,2017-07-25,400966347,400966347|3087807|3111997,3111997,3087807,geoff neal,chase waldon,1,geoff neal,KO-TKO,1,1.93,,-7.6200000000000045,0,1,0,1,0,0,0,0,0,0,0,0,0,0
2,2017-07-25,400966347,400966347|3120931|4236956,4236956,3120931,kyle stewart,jason jackson,1,kyle stewart,KO-TKO,2,5.35,1.7440467634516779,-10.159999999999997,-7.6200000000000045,0,0,0,0,0,0,0,0,0,0,0,0,0
2,2017-07-25,400966347,400966347|3887606|4236954,3887606,4236954,ryan spann,karl roberson,0,karl roberson,KO-TKO,1,0.25,-0.8870818702642751,10.160000000000025,12.699999999999989,-1,0,0,0,0,0,0,0,0,0,0,0,0
2,2017-07-25,400966347,400966347|3923647|3948876,3923647,3948876,daniel jolly,alonzo menifield,0,alonzo menifield,DR-TKO,1,5,3.1212139879669003,2.539999999999992,-2.539999999999992,0,0,-1,0,0,0,0,0,0,0,0,0,0
2,2017-07-25,400966347,400966347|4074001|4236955,4236955,4074001,luis gomez,dan ige,0,dan ige,SUBMISSION,3,13.379999999999999,-3.479879805882394,0,-3.8100000000000023,0,-1,0,0,0,0,0,0,0,0,0,0,0
3,2017-08-01,400966348,400966348|3913473|4077475,3913473,4077475,phil hawes,julian marquez,0,julian marquez,KO-TKO,2,7.33,1.3278848983894243,-5.0800000000000125,13.969999999999999,0,0,0,0,0,0,0,0,0,0,0,0,0
3,2017-08-01,400966348,400966348|3960440|4020801,4020801,3960440,austin arnett,brandon davis,0,brandon davis,DEC-UNA,3,15,-1.4565665277178859,5.079999999999984,0,0,0,0,0,0,0,0,0,0,0,0,0,0
3,2017-08-01,400966348,400966348|4013049|4073937,4013049,4073937,carlos candelario,ronaldo candido de oliveira,1,carlos candelario,DEC-UNA,3,15,-2.1109263023881404,5.0800000000000125,172.72,0,-1,0,0,0,0,0,0,0,0,0,0,0
3,2017-08-01,400966348,400966348|4063869|4237014,4237014,4063869,cheyden leialoha,john castaneda,0,john castaneda,DEC-UNA,3,15,-2.2396079317165984,5.0800000000000125,5.079999999999984,0,0,0,0,0,0,0,0,0,0,0,0,0
3,2017-08-01,400966348,400966348|4237013|4237015,4237013,4237015,james gray,kyler phillips,0,kyler phillips,KO-TKO,1,0.77,7.630546828476973,2.539999999999992,-182.88,0,0,0,0,0,0,0,0,0,0,0,0,0
4,2017-08-08,400968458,400968458|3077954|3155425,3077954,3155425,kevin gray,alex perez,0,alex perez,SUBMISSION,1,2.9,,-7.619999999999976,3.8100000000000023,0,0,0,0,0,0,0,0,0,0,0,0,0
4,2017-08-08,400968458,400968458|3152189|4081550,3152189,4081550,jamelle jones,mike rodriguez,0,mike rodriguez,KO-TKO,1,2.25,0.8268479161105304,-10.159999999999997,-19.05000000000001,-1,0,-1,0,0,0,0,0,0,0,0,0,0
4,2017-08-08,400968458,400968458|3164449|3922491,3922491,3164449,ricky simon,donavon frelow,1,ricky simon,DEC-SPLT,3,15,-7.611381479428054,0,12.699999999999989,0,0,1,0,0,0,0,0,0,0,0,0,0
4,2017-08-08,400968458,400968458|4008509|4227122,4008509,4227122,peter petties,julio arce,0,julio arce,KO-TKO,2,7.65,-1.1471830359281832,10.159999999999997,5.079999999999984,0,0,0,0,0,0,0,0,0,0,0,0,0
4,2017-08-08,400968458,400968458|4013988|4245091,4013988,4245091,shelton graves,everett sims,1,shelton graves,KO-TKO,3,12.33,2.8665886363169655,5.0800000000000125,-3.8100000000000023,0,0,0,0,0,0,0,0,0,0,0,0,0
5,2017-08-16,400968459,400968459|3020777|3077134,3020777,3077134,charles byrd,buddy wallace,1,charles byrd,SUBMISSION,2,7.05,5.388200989753383,-2.539999999999992,10.159999999999997,0,0,1,1,1,1,0,1,4.92,2.6422764227642275,3.048780487804878,0,3.048780487804878
5,2017-08-16,400968459,400968459|3074719|3931156,3074719,3931156,adrian diaz,grant dawson,0,grant dawson,SUBMISSION,2,6.25,5.820790296857567,0,-182.88,1,-1,0,0,0,0,0,0,0,0,0,0,0
5,2017-08-16,400968459,400968459|4028629|4245681,4028629,4245681,cameron olson,karl reed,1,cameron olson,DEC-UNA,3,15,,-10.160000000000025,-198.12,0,0,0,0,0,0,0,0,0,0,0,0,0
5,2017-08-16,400968459,400968459|4036096|4038127,4036096,4038127,jaime alvarez,martin day,1,jaime alvarez,DEC-UNA,3,15,0.6762630307261617,-5.0800000000000125,-186.69,0,-1,0,0,0,0,0,0,0,0,0,0,0
5,2017-08-16,400968459,400968459|4037324|4232927,4232927,4037324,tiffany masters,jamie colleen miller,0,jamie colleen miller,SUBMISSION,3,14.719999999999999,,0,0,0,0,-1,0,0,0,0,0,0,0,0,0,0
6,2017-08-23,400972137,400972137|2984784|4227123,2984784,4227123,mike santiago,mark cherico,1,mike santiago,KO-TKO,1,2.98,,5.0800000000000125,-1.2700000000000102,0,1,0,0,0,0,0,0,0,0,0,0,0
6,2017-08-23,400972137,400972137|3039664|4245094,3039664,4245094,anton berzin,kennedy nzechukwu,0,kennedy nzechukwu,DEC-SPLT,3,15,2.7050521229046467,-7.6200000000000045,-210.82,-1,1,-1,0,0,0,0,0,0,0,0,0,0
6,2017-08-23,400972137,400972137|3041138|4249184,4249184,3041138,benito lopez,steven peterson,1,benito lopez,DEC-SPLT,3,15,-3.8549730658398182,0,7.619999999999976,0,-1,1,0,0,0,0,0,0,0,0,0,0
6,2017-08-23,400972137,400972137|3099608|4054622,4054622,3099608,jordan espinosa,nick urso,1,jordan espinosa,SUBMISSION,1,1.38,-4.117812138510718,0,6.349999999999994,-1,1,0,0,0,0,0,0,0,0,0,0,0
6,2017-08-23,400972137,400972137|3128221|4249185,4249185,3128221,jp buys,joby sanchez,0,joby sanchez,KO-TKO,2,7.470000000000001,-4.851571216383633,-2.539999999999992,-2.539999999999992,0,0,0,-1,-1,0,0,0,-15,0,0,0,0
7,2017-08-30,400972138,400972138|2951136|4030197,4030197,2951136,casey kenney,adam antolin,0,adam antolin,DEC-SPLT,3,15,-9.054258472110995,5.0800000000000125,12.699999999999989,1,0,0,1,1,0,0,0,15,3.933333333333333,3,0,1
7,2017-08-30,400972138,400972138|3153109|4256214,3153109,4256214,kelly velasco,lauren mueller,0,lauren mueller,DEC-UNA,3,15,,10.159999999999997,-170.18,0,0,-1,0,0,0,0,0,0,0,0,0,0
7,2017-08-30,400972138,400972138|3926497|4081024,4081024,3926497,matt frevola,jose flores,1,matt frevola,SUBMISSION,2,8.53,-2.2341321177026217,-7.6200000000000045,-5.079999999999984,-1,1,0,0,0,0,0,0,0,0,0,0,0
7,2017-08-30,400972138,400972138|3983543|4249193,4249193,3983543,don'tale mayes,allen crowder,0,allen crowder,KO-TKO,3,14.2,-2.187587698583819,7.6200000000000045,11.430000000000007,0,0,0,0,0,0,0,0,0,0,0,0,0
7,2017-08-30,400972138,400972138|4249191|4249192,4249192,4249191,bevon lewis,elias urbina,1,bevon lewis,KO-TKO,2,7.779999999999999,2.431261422205793,0,5.079999999999984,-1,0,1,0,0,0,0,0,0,0,0,0,0
8,2018-06-13,401033270,401033270|2220951|2223033,2220951,2223033,greg hardy,austen lane,1,greg hardy,KO-TKO,1,0.95,-0.7173316358309876,-2.539999999999992,1.2700000000000102,0,0,1,0,0,0,0,0,0,0,0,0,0
8,2018-06-13,401033270,401033270|2984770|4065047,4065047,2984770,sean lally,chris curtis,0,chris curtis,KO-TKO,3,11.620000000000001,-3.307391664442118,5.079999999999984,-2.5400000000000205,0,0,-1,0,0,0,0,0,0,0,0,0,0
8,2018-06-13,401033270,401033270|3943695|4339129,3943695,4339129,kevin holland,will santiago jr.,1,kevin holland,DEC-UNA,3,15,-9.74147313086511,12.699999999999989,205.74,0,0,0,0,0,0,0,0,0,0,0,0,0
8,2018-06-13,401033270,401033270|3948876|4339131,4339131,3948876,dashawn boatwright,alonzo menifield,0,alonzo menifield,KO-TKO,1,0.13,-0.36687953893645897,0,0,0,0,-1,-1,-1,0,0,0,-5,-1.8,0,0,0
8,2018-06-13,401033270,401033270|4252349|4339130,4252349,4339130,rico disciullo,montel jackson,0,montel jackson,KO-TKO,3,12.25,5.533310061123775,-2.5400000000000205,-2.539999999999992,-1,0,-1,0,0,0,0,0,0,0,0,0,0
9,2018-06-20,401033277,401033277|3122837|4339144,4339144,3122837,yazan hajeh,matt sayles,0,matt sayles,KO-TKO,1,1.95,1.464780248738851,0,-173.99,0,0,0,0,0,0,0,0,0,0,0,0,0
9,2018-06-20,401033277,401033277|3146345|3887606,3887606,3146345,ryan spann,emiliano sordi,1,ryan spann,SUBMISSION,1,0.43,-0.5202023313278161,7.6200000000000045,5.079999999999984,0,1,-1,1,0,0,0,0,0.25,20,0,60,0
9,2018-06-20,401033277,401033277|3938715|3957071,3957071,3938715,giga chikadze,austin springer,0,austin springer,SUBMISSION,3,14.17,-1.2895542002915867,10.159999999999997,7.6200000000000045,0,0,1,0,0,0,0,0,0,0,0,0,0
9,2018-06-20,401033277,401033277|4339148|4339149,4339148,4339149,tyler hill,dwight grant,0,dwight grant,KO-TKO,2,7.13,-6.902263564618028,5.0800000000000125,7.6200000000000045,0,0,-1,0,0,0,0,0,0,0,0,0,0
10,2018-06-27,401033279,401033279|2506260|4276994,4276994,2506260,josh parisian,greg rebello,1,josh parisian,KO-TKO,1,1.52,-7.04189682197444,10.159999999999997,15.240000000000009,-1,0,1,-1,0,0,0,0,-8.07,0,0,0,0
10,2018-06-27,401033279,401033279|3611366|4294510,3611366,4294510,te edwards,austin tweedy,1,te edwards,KO-TKO,1,0.47,0.03833069809783751,0,182.88,0,0,1,0,0,0,0,0,0,0,0,0,0
10,2018-06-27,401033279,401033279|3915502|3955577,3955577,3915502,julian erosa,jamall emmers,1,julian erosa,KO-TKO,2,6.17,-0.01916534904892231,7.619999999999976,1.2699999999999818,1,0,0,0,0,0,0,0,0,0,0,0,0
10,2018-06-27,401033279,401033279|4039866|4339152,4039866,4339152,jaimelene nievera,antonina shevchenko,0,antonina shevchenko,KO-TKO,2,8.370000000000001,0.06297186116073306,-7.6200000000000045,-170.18,-1,1,0,0,0,0,0,0,0,0,0,0,0
11,2018-07-11,401033280,401033280|2555540|4357555,4357555,2555540,joey gomez,kevin aguilar,0,kevin aguilar,DEC-SPLT,3,15,-0.9719569874809189,7.6200000000000045,-185.42,0,0,-1,0,0,0,0,0,0,0,0,0,0
11,2018-07-11,401033280,401033280|3020395|4239492,3020395,4239492,toby misech,ricky palacios,0,ricky palacios,DEC-UNA,3,15,-0.6735251237191733,5.0800000000000125,172.72,1,0,0,0,0,0,0,0,0,0,0,0,0
11,2018-07-11,401033280,401033280|3084125|4054622,4054622,3084125,jordan espinosa,rilley dutro,1,jordan espinosa,KO-TKO,3,14.969999999999999,-2.1821118845698386,-5.0800000000000125,-2.5400000000000205,0,1,-1,1,1,1,0,1,1.38,3.6231884057971016,0,0,0
11,2018-07-11,401033280,401033280|4243343|4339490,4243343,4339490,max mustaki,jalin turner,0,jalin turner,DR-TKO,1,5,7.526506362211407,-7.6200000000000045,-195.58,-1,0,-1,0,0,0,0,0,0,0,0,0,0
11,2018-07-11,401033280,401033280|4249192|4339489,4249192,4339489,bevon lewis,alton cunningham,1,bevon lewis,KO-TKO,1,3.02,2.1246158374230824,2.539999999999992,5.079999999999984,0,0,0,1,1,1,1,0,7.779999999999999,3.856041131105399,0,0,0
12,2018-07-18,401033281,401033281|3041157|4349153,3041157,4349153,domingo pilarte,vince morales,1,domingo pilarte,SUBMISSION,2,6.87,0.851489079173426,12.699999999999989,10.159999999999997,1,1,-1,0,0,0,0,0,0,0,0,0,0
12,2018-07-18,401033281,401033281|4037324|4246307,4246307,4037324,maycee barber,jamie colleen miller,1,maycee barber,KO-TKO,3,14.25,-12.539614092007362,7.6200000000000045,0,0,0,0,-1,-1,-1,0,-1,-14.719999999999999,-3.5326086956521743,-3.0570652173913047,0,0
12,2018-07-18,401033281,401033281|4079844|4290344,4079844,4290344,angelo trevino,austin vanderford,0,austin vanderford,SUBMISSION,2,7.7,-3.2225165472254744,-2.539999999999992,-187.96,0,0,1,0,0,0,0,0,0,0,0,0,0
12,2018-07-18,401033281,401033281|4349152|4359111,4349152,4359111,chibwikem onyenegecha,anthony adams,1,chibwikem onyenegecha,DEC-SPLT,3,15,-6.261593324982716,5.0800000000000125,-195.58,0,0,0,0,0,0,0,0,0,0,0,0,0
12,2018-07-18,401033281,401033281|4354318|4354319,4354319,4354318,antonio jones,edmen shahbazyan,0,edmen shahbazyan,KO-TKO,1,0.67,12.608061767182079,-5.0800000000000125,-190.5,0,0,-1,0,0,0,0,0,0,0,0,0,0
13,2018-07-25,401033282,401033282|2953005|4355664,2953005,4355664,nick newell,alexander munoz,0,alexander munoz,DEC-UNA,3,15,3.950799811084412,2.5400000000000205,-182.88,1,1,0,0,0,0,0,0,0,0,0,0,0
13,2018-07-25,401033282,401033282|3028694|4237606,4237606,3028694,jeff hughes,josh appelt,1,jeff hughes,KO-TKO,1,4.43,-4.911805170537384,10.159999999999997,195.58,-1,0,0,0,0,0,0,0,0,0,0,0,0
13,2018-07-25,401033282,401033282|4081555|4354420,4354420,4081555,jimmy crute,chris birchler,1,jimmy crute,KO-TKO,1,4.38,-8.747612887328284,-2.539999999999992,187.96,0,0,0,0,0,0,0,0,0,0,0,0,0
13,2018-07-25,401033282,401033282|4289274|4339145,4289274,4339145,sodiq yusuff,mike davis,1,sodiq yusuff,DEC-UNA,3,15,-0.6132911695654251,-7.6200000000000045,-3.8100000000000023,0,0,1,0,0,0,0,0,0,0,0,0,0
13,2018-07-25,401033282,401033282|4354421|4354422,4354421,4354422,chase hooper,canaan kawaihae,1,chase hooper,DEC-UNA,3,15,-2.0479544412274038,2.539999999999992,7.6200000000000045,0,0,0,0,0,0,0,0,0,0,0,0,0
14,2018-08-01,401033284,401033284|3150681|4357591,4357591,3150681,maurice mitchell,jordan griffin,0,jordan griffin,SUBMISSION,1,3.95,2.669459331813794,-2.5400000000000205,-185.42,-1,-1,0,0,0,0,0,0,0,0,0,0,0
14,2018-08-01,401033284,401033284|3254940|4354423,4354423,3254940,roosevelt roberts,garrett gross,1,roosevelt roberts,SUBMISSION,2,7.220000000000001,-5.511406805067864,12.700000000000017,10.159999999999997,0,1,-1,0,0,0,0,0,0,0,0,0,0
14,2018-08-01,401033284,401033284|4062290|4202873,4062290,4202873,justin sumter,ian heinisch,0,ian heinisch,KO-TKO,1,3.62,-1.2649130372286912,7.6200000000000045,20.319999999999993,1,0,-1,0,0,0,0,0,0,0,0,0,0
14,2018-08-01,401033284,401033284|4234510|4292650,4234510,4292650,shawn teed,juan adams,0,juan adams,KO-TKO,1,4.28,-0.07666139619567858,0,-203.2,0,1,-1,0,0,0,0,0,0,0,0,0,0
14,2018-08-01,401033284,401033284|4249193|4349155,4249193,4349155,don'tale mayes,mitchell sipe,1,don'tale mayes,KO-TKO,2,9.82,4.230066325797246,7.6200000000000045,12.700000000000017,0,0,0,1,0,0,0,0,14.2,3.1690140845070425,2.1126760563380285,0,1.0563380281690142
15,2018-08-08,401033283,401033283|2220951|4358020,4358020,2220951,tebaris gordon,greg hardy,0,greg hardy,KO-TKO,1,0.28,,-10.160000000000025,-204.47,0,0,0,-1,-1,-1,-1,0,-0.95,-6.315789473684211,0,-15.789473684210526,0
15,2018-08-08,401033283,401033283|3347074|4354426,3347074,4354426,bobby moffett,jacob kilburn,1,bobby moffett,SUBMISSION,2,6.03,5.073341683949703,2.5400000000000205,5.0800000000000125,0,1,-1,0,0,0,0,0,0,0,0,0,0
15,2018-08-08,401033283,401033283|4070902|4354427,4354427,4070902,marty coughran,alex gilpin,0,alex gilpin,SUBMISSION,2,6.92,-2.1410432794650127,2.539999999999992,0,0,0,0,0,0,0,0,0,0,0,0,0,0
15,2018-08-08,401033283,401033283|4245094|4354424,4245094,4354424,kennedy nzechukwu,dennis bryant,1,kennedy nzechukwu,KO-TKO,1,1.8,,12.700000000000017,210.82,1,0,1,1,1,0,0,0,15,4.4,2,0,1
15,2018-08-08,401033283,401033283|4294278|4354425,4354425,4294278,devonte smith,joe lowry,1,devonte smith,KO-TKO,1,2.87,-3.630464691266763,-5.0800000000000125,7.6200000000000045,0,0,1,0,0,0,0,0,0,0,0,0,0
16,2018-08-11,401074496,401074496|3054275|4371002,3054275,4371002,diego henrique da silva,antonio arroyo,0,antonio arroyo,DEC-UNA,3,15,2.8583749152960003,-2.539999999999992,-185.42,0,1,0,0,0,0,0,0,0,0,0,0,0
16,2018-08-11,401074496,401074496|3900464|4379257,3900464,4379257,augusto sakai,marcos conrado jr.,1,augusto sakai,KO-TKO,2,8.15,-9.15282312436258,2.539999999999992,195.58,0,0,1,0,0,0,0,0,0,0,0,0,0
16,2018-08-11,401074496,401074496|4280789|4371000,4280789,4371000,rogerio bontorin,gustavo gabriel,1,rogerio bontorin,SUBMISSION,2,9.620000000000001,1.9329623469338877,-2.539999999999992,170.18,0,1,0,0,0,0,0,0,0,0,0,0,0
16,2018-08-11,401074496,401074496|4370999|4371004,4371004,4370999,sarah frota,maiara amanajas dos santos,1,sarah frota,KO-TKO,1,3.43,0.2409358166149893,2.539999999999992,175.26,0,1,0,0,0,0,0,0,0,0,0,0,0
16,2018-08-11,401074496,401074496|4371001|4371003,4371003,4371001,mayana kellem,mayra bueno silva,0,mayra bueno silva,SUBMISSION,1,1.03,10.1247801118435,-2.539999999999992,-168.91,0,0,-1,0,0,0,0,0,0,0,0,0,0
17,2018-08-12,401074497,401074497|3091099|4081147,3091099,4081147,andre muniz,bruno assis,1,andre muniz,DEC-UNA,3,15,2.261511187772509,-2.5400000000000205,0,1,0,0,0,0,0,0,0,0,0,0,0,0
17,2018-08-12,401074497,401074497|3108776|4379279,4379279,3108776,leonardo silva de oliveira,marcio alexandre jr.,0,marcio alexandre jr.,SUBMISSION,1,1.87,-2.97336700958952,2.5400000000000205,-190.5,-1,0,0,0,0,0,0,0,0,0,0,0,0
17,2018-08-12,401074497,401074497|3146944|3991049,3146944,3991049,johnny walker,henrique da silva,1,johnny walker,DEC-UNA,3,15,-2.576370493576185,5.0800000000000125,13.969999999999999,0,0,0,0,0,0,0,0,0,0,0,0,0
17,2018-08-12,401074497,401074497|3170347|4039957,3170347,4039957,taila santos,estefani almeida,1,taila santos,DEC-UNA,3,15,-4.67908307494336,5.079999999999984,171.45,0,0,1,0,0,0,0,0,0,0,0,0,0
17,2018-08-12,401074497,401074497|4348793|4379258,4348793,4379258,maria oliveira,marina rodriguez,0,marina rodriguez,KO-TKO,1,3.05,-9.623743129564602,0,10.159999999999997,0,0,0,0,0,0,0,0,0,0,0,0,0
18,2018-08-12,401074498,401074498|3020408|4372195,4372195,3020408,raulian paiva,allan nascimento,1,raulian paiva,DEC-SPLT,3,15,-4.098646789461796,0,1.2700000000000102,0,0,0,0,0,0,0,0,0,0,0,0,0
18,2018-08-12,401074498,401074498|3955778|4372295,4372295,3955778,gleidson cutis,thiago moises,0,thiago moises,KO-TKO,1,4.35,6.119222160619316,0,-179.07,0,0,0,0,0,0,0,0,0,0,0,0,0
18,2018-08-12,401074498,401074498|3971629|4030631,4030631,3971629,gisele moreira,dayana silva,1,gisele moreira,DEC-SPLT,3,15,9.588150338473753,-2.5400000000000205,-173.99,0,0,0,0,0,0,0,0,0,0,0,0,0
18,2018-08-12,401074498,401074498|4372190|4372194,4372194,4372190,luana carolina,mabelly lima,1,luana carolina,DEC-UNA,3,15,0.6242427975933822,10.159999999999997,175.26,0,0,1,0,0,0,0,0,0,0,0,0,0
18,2018-08-12,401074498,401074498|4372193|4372196,4372193,4372196,john allan,vinicius moreira,0,vinicius moreira,SUBMISSION,2,8.67,-3.98365469516828,-7.6200000000000045,-2.539999999999992,0,-1,1,0,0,0,0,0,0,0,0,0,0
19,2019-06-19,401128917,401128917|3009725|4076472,4076472,3009725,bill algeo,brendan loughnane,0,brendan loughnane,DEC-UNA,3,15,0.4900853542509438,7.6200000000000045,5.079999999999984,0,1,-1,0,0,0,0,0,0,0,0,0,0
19,2019-06-19,401128917,401128917|3039935|4423213,3039935,4423213,alton meeks,yorgan de castro,0,yorgan de castro,KO-TKO,1,4.25,-6.29444820906658,5.0800000000000125,3.8100000000000023,0,0,0,0,0,0,0,0,0,0,0,0,0
19,2019-06-19,401128917,401128917|4080575|4289255,4289255,4080575,hannah goldy,kali robbins,1,hannah goldy,DEC-UNA,3,15,-7.868744738084974,2.539999999999992,-6.349999999999994,0,0,0,0,0,0,0,0,0,0,0,0,0
19,2019-06-19,401128917,401128917|4237148|4423214,4237148,4423214,jamie pickett,punahele soriano,0,punahele soriano,DEC-UNA,3,15,4.232804232804234,7.6200000000000045,19.049999999999983,-1,0,1,1,0,0,0,0,4.92,2.6422764227642275,3.048780487804878,0,3.048780487804878
20,2019-06-26,401128919,401128919|2511778|4329444,2511778,4329444,michael lombardo,kyle daukaus,0,kyle daukaus,DEC-UNA,3,15,2.9049193344148065,-7.6200000000000045,-10.159999999999997,-1,0,0,0,0,0,0,0,0,0,0,0,0
20,2019-06-26,401128919,401128919|2560714|4339489,2560714,4339489,tony johnson,alton cunningham,1,tony johnson,DEC-UNA,3,15,10.132993832864468,0,-7.6200000000000045,0,0,-1,-1,0,0,0,0,-3.02,0,0,0,0
20,2019-06-26,401128919,401128919|3120459|4423448,3120459,4423448,victor reyna,miguel baeza,0,miguel baeza,DEC-UNA,3,15,6.050774485444606,-7.6200000000000045,-1.2699999999999818,1,0,0,0,0,0,0,0,0,0,0,0,0
20,2019-06-26,401128919,401128919|4010864|4392322,4392322,4010864,richie santiago,miles johns,0,miles johns,DEC-UNA,3,15,1.4675181557458394,0,-2.539999999999992,1,-1,0,0,0,0,0,0,0,0,0,0,0
20,2019-06-26,401128919,401128919|4030352|4423425,4030352,4423425,zach zane,justin gonzales,0,justin gonzales,DEC-UNA,3,15,1.3689535034942537,2.5400000000000205,-7.6200000000000045,1,1,0,0,0,0,0,0,0,0,0,0,0
21,2019-07-10,401128920,401128920|4016050|4062290,4016050,4062290,maki pitolo,justin sumter,1,maki pitolo,KO-TKO,1,1.62,-1.0376667556486439,-10.159999999999997,-12.699999999999989,-1,0,0,-1,0,0,0,0,-3.62,-2.7624309392265194,0,0,0
21,2019-07-10,401128920,401128920|4239743|4245092,4245092,4239743,jonathan pearce,jacob rosales,1,jonathan pearce,KO-TKO,3,11.83,3.238943989267405,2.539999999999992,-7.6200000000000045,0,0,1,0,0,0,0,0,0,0,0,0,0
21,2019-07-10,401128920,401128920|4423875|4423876,4423875,4423876,jesse wallace,joe solecki,0,joe solecki,SUBMISSION,1,3.82,0.7748276829777474,2.5400000000000205,-2.539999999999992,0,0,0,0,0,0,0,0,0,0,0,0,0
21,2019-07-10,401128920,401128920|4425705|4425706,4425705,4425706,chris ocon,hunter azure,0,hunter azure,DEC-UNA,3,15,-3.9288965550285084,-2.539999999999992,0,0,0,0,0,0,0,0,0,0,0,0,0,0
22,2019-07-17,401128921,401128921|3945573|4371002,4371002,3945573,antonio arroyo,stephen regman,1,antonio arroyo,SUBMISSION,2,8.52,2.09449886034621,10.159999999999997,-8.890000000000015,0,0,-1,1,1,0,0,0,15,2.533333333333333,0,0,0
22,2019-07-17,401128921,401128921|4025699|4255574,4255574,4025699,aaron jeffery,brendan allen,0,brendan allen,SUBMISSION,1,3.38,3.1184760809599084,0,-5.0800000000000125,0,-1,0,0,0,0,0,0,0,0,0,0,0
22,2019-07-17,401128921,401128921|4249193|4312854,4312854,4249193,ricardo prasel,don'tale mayes,0,don'tale mayes,KO-TKO,1,4.98,1.623578855144185,2.539999999999992,-7.6200000000000045,0,0,-1,-2,-0.5,-0.5,-0.5,0,-12.01,-5.953372189841798,-1.2489592006661117,0,-0.6244796003330558
22,2019-07-17,401128921,401128921|4424222|4424224,4424222,4424224,armando villarreal,ode' osbourne,0,ode' osbourne,SUBMISSION,1,4.65,2.420309794177843,0,-16.50999999999999,0,0,0,0,0,0,0,0,0,0,0,0,0
22,2019-07-17,401128921,401128921|4424478|4424582,4424478,4424582,lance lawrence,kevin syler,0,kevin syler,DEC-UNA,3,15,0.09035093123062055,7.6200000000000045,1.2699999999999818,0,0,0,0,0,0,0,0,0,0,0,0,0
23,2019-07-24,401128922,401128922|3900088|3939270,3900088,3939270,billy quarantillo,kamuela kirk,1,billy quarantillo,KO-TKO,3,10.37,5.344394477641568,0,-12.699999999999989,0,0,0,0,0,0,0,0,0,0,0,0,0
23,2019-07-24,401128922,401128922|4040956|4425611,4040956,4425611,jordan williams,ramazan kuramagomedov,0,ramazan kuramagomedov,DEC-SPLT,3,15,5.861858901962396,2.539999999999992,6.350000000000023,1,0,1,0,0,0,0,0,0,0,0,0,0
23,2019-07-24,401128922,401128922|4064714|4425355,4425355,4064714,jamahal hill,alexander poppeck,1,jamahal hill,KO-TKO,2,9.48,0.8843439632572867,5.079999999999984,200.66,1,0,0,0,0,0,0,0,0,0,0,0,0
23,2019-07-24,401128922,401128922|4407930|4426306,4426306,4407930,christian lohsen,jj okanovich,0,jj okanovich,DEC-UNA,3,15,-4.221852604776277,7.6200000000000045,-2.539999999999992,1,0,0,0,0,0,0,0,0,0,0,0,0
23,2019-07-24,401128922,401128922|4425604|4566991,4425604,4566991,terrance mckinney,sean woodson,0,sean woodson,KO-TKO,2,6.82,-2.2724628158004627,-10.159999999999997,-11.430000000000007,0,0,0,0,0,0,0,0,0,0,0,0,0
24,2019-07-31,401128923,401128923|3897220|4426312,4426312,3897220,daniel rodriguez,rico farrington,1,daniel rodriguez,DEC-UNA,3,15,2.466854213296646,-7.6200000000000045,-12.699999999999989,0,0,0,0,0,0,0,0,0,0,0,0,0
24,2019-07-31,401128923,401128923|4043437|4426305,4426305,4043437,steven nguyen,aalon cruz,0,aalon cruz,KO-TKO,3,14.6,-3.660581668343635,-2.539999999999992,-12.700000000000017,0,0,1,0,0,0,0,0,0,0,0,0,0
24,2019-07-31,401128923,401128923|4243624|4426285,4243624,4426285,tracy cortez,mariya agapova,1,tracy cortez,DEC-UNA,3,15,3.3238191064840485,-2.539999999999992,-7.6200000000000045,-1,0,-1,0,0,0,0,0,0,0,0,0,0
24,2019-07-31,401128923,401128923|4426144|4426192,4426192,4426144,rodrigo nascimento,michal martinek,1,rodrigo nascimento,SUBMISSION,1,3.27,-2.606487470653061,0,3.8100000000000023,-1,1,0,0,0,0,0,0,0,0,0,0,0
24,2019-07-31,401128923,401128923|4426299|4426301,4426299,4426301,aleksa camur,fabio cherant,1,aleksa camur,KO-TKO,2,5.8,-0.8323237301245072,0,0,-1,0,0,0,0,0,0,0,0,0,0,0,0
25,2019-08-07,401128924,401128924|3089633|3121961,3089633,3121961,herbert burns,darrick minner,1,herbert burns,SUBMISSION,1,2.48,2.2341321177026217,5.079999999999984,10.159999999999997,0,0,0,0,0,0,0,0,0,0,0,0,0
25,2019-08-07,401128924,401128924|3091099|4565642,3091099,4565642,andre muniz,taylor johnson,1,andre muniz,SUBMISSION,1,1.77,0.7255453568519528,2.539999999999992,10.159999999999997,1,0,0,1,1,0,0,0,15,3.2,3,0,0
25,2019-08-07,401128924,401128924|4062287|4565645,4565645,4062287,dwight joseph,jay perrin,1,dwight joseph,DEC-UNA,3,15,3.8303319027769227,0,-2.5400000000000205,0,0,0,0,0,0,0,0,0,0,0,0,0
25,2019-08-07,401128924,401128924|4234751|4350860,4350860,4234751,marilia santos,lucrezia ria,0,lucrezia ria,DEC-SPLT,3,15,-0.46270628418105986,-12.699999999999989,2.539999999999992,0,0,0,0,0,0,0,0,0,0,0,0,0
25,2019-08-07,401128924,401128924|4372245|4409396,4409396,4372245,harvey park,omar morales,0,omar morales,KO-TKO,2,6.1,-0.42711349309021074,2.539999999999992,-6.349999999999994,0,0,-1,0,0,0,0,0,0,0,0,0,0
26,2019-08-14,401128925,401128925|3115959|4065617,3115959,4065617,sarah alpar,shanna young,1,sarah alpar,SUBMISSION,2,7.92,-0.2765286077058384,-7.6200000000000045,-10.159999999999997,1,0,0,0,0,0,0,0,0,0,0,0,0
26,2019-08-14,401128925,401128925|3119811|4084453,3119811,4084453,ray rodriguez,tony gravely,0,tony gravely,KO-TKO,3,12.27,3.8002149257000504,5.0800000000000125,2.5400000000000205,0,0,0,0,0,0,0,0,0,0,0,0,0
26,2019-08-14,401128925,401128925|4044409|4565646,4565646,4044409,devin smyth,brok weaver,0,brok weaver,DEC-UNA,3,15,-3.6249888772527825,-5.079999999999984,0,-1,0,0,0,0,0,0,0,0,0,0,0,0
26,2019-08-14,401128925,401128925|4245681|4248475,4245681,4248475,karl reed,julius anglickas,0,julius anglickas,SUBMISSION,3,13.42,,5.0800000000000125,2.539999999999992,0,0,0,1,0,0,0,0,15,2.2,0,0,0
26,2019-08-14,401128925,401128925|4255766|4379326,4379326,4255766,herdem alacabek,william knight,0,william knight,KO-TKO,3,14.57,-3.175972128106668,10.159999999999997,5.0800000000000125,0,0,0,0,0,0,0,0,0,0,0,0,0
27,2019-08-21,401128926,401128926|3023804|4573548,4573548,3023804,desmond torres,steve garcia,0,steve garcia,KO-TKO,1,4.58,-4.627062841810577,-15.240000000000009,-15.240000000000009,-1,0,-1,0,0,0,0,0,0,0,0,0,0
27,2019-08-21,401128926,401128926|3924096|4423215,4423215,3924096,leon shahbazyan,phil rowe,0,phil rowe,KO-TKO,3,10.27,-5.336180756620603,2.539999999999992,-15.240000000000009,0,0,0,0,0,0,0,0,0,0,0,0,0
27,2019-08-21,401128926,401128926|4141265|4565668,4141265,4565668,mallory martin,micol disegni,1,mallory martin,DEC-UNA,3,15,-6.086367276535455,2.539999999999992,6.350000000000023,0,0,0,0,0,0,0,0,0,0,0,0,0
27,2019-08-21,401128926,401128926|4303035|4569668,4569668,4303035,ricky steele,phil caracappa,1,ricky steele,DEC-SPLT,3,15,4.027461207280094,2.539999999999992,10.159999999999997,0,0,0,0,0,0,0,0,0,0,0,0,0
27,2019-08-21,401128926,401128926|4565641|4570799,4570799,4565641,marcos brigagão,jamal pogues,0,jamal pogues,DEC-UNA,3,15,-0.33402465485259825,0,-2.5400000000000205,1,0,-1,0,0,0,0,0,0,0,0,0,0
28,2019-08-28,401128918,401128918|4033520|4421517,4421517,4033520,duško todorović,teddy ash,1,duško todorović,DEC-UNA,3,15,-4.391602839209565,0,2.5400000000000205,0,0,0,0,0,0,0,0,0,0,0,0,0
28,2019-08-28,401128918,401128918|4063667|4569669,4569669,4063667,dylan lockard,tj brown,0,tj brown,SUBMISSION,3,12.98,-1.993196301087636,0,0,0,0,0,0,0,0,0,0,0,0,0,0,0
28,2019-08-28,401128918,401128918|4388465|4573209,4388465,4573209,peter barrett,sanghoon yoo,1,peter barrett,DEC-UNA,3,15,3.4415491077845566,-5.079999999999984,-2.5400000000000205,1,0,1,0,0,0,0,0,0,0,0,0,0
28,2019-08-28,401128918,401128918|4573207|4573208,4573208,4573207,impa kasanganay,kailan hill,1,impa kasanganay,DEC-UNA,3,15,0.8706544282223447,-5.079999999999984,-5.0800000000000125,-1,0,0,0,0,0,0,0,0,0,0,0,0
29,2020-08-05,401221629,401221629|2594871|4010873,2594871,4010873,dustin jacoby,ty flores,1,dustin jacoby,DEC-UNA,3,15,5.716749830592001,0,7.6200000000000045,0,0,1,0,0,0,0,0,0,0,0,0,0
29,2020-08-05,401221629,401221629|3926497|4686565,4686565,3926497,jordan leavitt,jose flores,1,jordan leavitt,SUBMISSION,1,4.25,-7.208909149400743,-7.6200000000000045,-5.079999999999984,0,0,0,-1,0,0,0,0,-8.53,-2.1101992966002348,0,0,-1.758499413833529
29,2020-08-05,401221629,401221629|4222369|4685888,4222369,4685888,jerome rivera,ronaldo rodríguez,1,jerome rivera,DEC-UNA,3,15,4.041150742315036,10.160000000000025,16.50999999999999,1,1,0,0,0,0,0,0,0,0,0,0,0
29,2020-08-05,401221629,401221629|4685870|4686567,4686567,4685870,mikey gonzalez,uros medic,0,uros medic,KO-TKO,1,2.2,7.6989945036516865,-5.079999999999984,7.6200000000000045,-1,0,0,0,0,0,0,0,0,0,0,0,0
30,2020-08-12,401221630,401221630|2990078|4422029,4422029,2990078,tj laramie,daniel swain,1,tj laramie,DR-TKO,1,5,-6.707872167121845,-7.6200000000000045,-10.160000000000025,0,-1,0,0,0,0,0,0,0,0,0,0,0
30,2020-08-12,401221630,401221630|3998248|4403536,4403536,3998248,brady huang,adrian yanez,0,adrian yanez,KO-TKO,1,0.65,0.9527916384320001,5.079999999999984,-2.5400000000000205,0,0,-1,0,0,0,0,0,0,0,0,0,0
30,2020-08-12,401221630,401221630|4359111|4573208,4359111,4573208,anthony adams,impa kasanganay,0,impa kasanganay,DEC-UNA,3,15,6.012443787346765,5.079999999999984,5.0800000000000125,0,0,0,0,-1,0,0,0,0,0,0,0,0
30,2020-08-12,401221630,401221630|4565671|4683395,4683395,4565671,vanessa demopoulos,cory mckenna,0,cory mckenna,DEC-UNA,3,15,10.798305235562673,-2.5400000000000205,1.2700000000000102,0,1,0,0,0,0,0,0,0,0,0,0,0
30,2020-08-12,401221630,401221630|4684135|4685871,4685871,4684135,dustin stoltzfus,joe pyfer,1,dustin stoltzfus,KO-TKO,1,4.35,4.840619588355683,-5.0800000000000125,0,0,0,0,0,0,0,0,0,0,0,0,0,0
31,2020-08-19,401221631,401221631|3120459|4685887,3120459,4685887,victor reyna,louis cosce,0,louis cosce,KO-TKO,1,1.2,9.059734286124968,5.0800000000000125,7.6200000000000045,1,0,1,1,0,0,0,0,15,4.066666666666666,0,2,2
31,2020-08-19,401221631,401221631|4276994|4684127,4684127,4276994,chad johnson,josh parisian,0,josh parisian,KO-TKO,1,3.72,2.9350363114916824,-5.079999999999984,2.539999999999992,0,0,-1,-1,-1,-1,-1,0,-1.52,-5.2631578947368425,0,-9.868421052631579,0
31,2020-08-19,401221631,401221631|4424582|4683705,4424582,4683705,kevin syler,kenneth cross,0,kenneth cross,DEC-UNA,3,15,1.1827758270190358,-7.6200000000000045,-1.2699999999999818,-1,0,0,1,1,0,0,0,15,9.8,1,0,2
31,2020-08-19,401221631,401221631|4683396|4686737,4683396,4686737,cheyanne vlismas,hilarie rose,1,cheyanne vlismas,DEC-UNA,3,15,-2.617439098681011,0,0,0,0,0,0,0,0,0,0,0,0,0,0,0
31,2020-08-19,401221631,401221631|4686738|4687126,4686738,4687126,matt dixon,orion cosce,0,orion cosce,KO-TKO,3,14.7,-1.2347960601518189,-2.539999999999992,10.159999999999997,0,0,0,0,0,0,0,0,0,0,0,0,0
32,2020-08-26,401221632,401221632|3120449|4686736,3120449,4686736,rafael alves,alejandro flores,1,rafael alves,SUBMISSION,2,7.92,0.7255453568519563,-2.539999999999992,-15.240000000000009,0,0,0,0,0,0,0,0,0,0,0,0,0
32,2020-08-26,401221632,401221632|3895527|4237148,4237148,3895527,jamie pickett,jhonoven pati,1,jamie pickett,KO-TKO,2,5.55,1.6646474602490144,2.5400000000000205,12.699999999999989,0,0,1,2,0,0,0,0,9.96,2.459839357429719,0.753012048192771,0,0.753012048192771
32,2020-08-26,401221632,401221632|4193828|4684238,4684238,4193828,jeff molina,jacob silva,1,jeff molina,DEC-UNA,3,15,-9.396496847984555,2.539999999999992,5.079999999999984,0,0,0,0,0,0,0,0,0,0,0,0,0
32,2020-08-26,401221632,401221632|4341591|4389513,4389513,4341591,kyron bowen,collin huckbody,0,collin huckbody,SUBMISSION,1,1.47,0.7693518689637706,-2.539999999999992,5.0800000000000125,0,0,0,0,0,0,0,0,0,0,0,0,0
32,2020-08-26,401221632,401221632|4684468|4684470,4684468,4684470,mike breeden,anthony romero,0,anthony romero,DEC-UNA,3,15,7.849579389036052,-2.539999999999992,-2.539999999999992,0,0,1,0,0,0,0,0,0,0,0,0,0
33,2020-09-02,401222724,401222724|2989380|4684241,2989380,4684241,jimmy flick,nate smith,1,jimmy flick,SUBMISSION,3,13.25,4.585994236705751,2.5400000000000205,-2.539999999999992,0,1,0,0,0,0,0,0,0,0,0,0,0
33,2020-09-02,401222724,401222724|4231391|4360028,4231391,4360028,ronnie lawrence,jose johnson,1,ronnie lawrence,DEC-UNA,3,15,2.9322984044846905,-10.159999999999997,-7.6200000000000045,0,0,0,0,0,0,0,0,0,0,0,0,0
33,2020-09-02,401222724,401222724|4255766|4684474,4255766,4684474,william knight,cody brundage,1,william knight,KO-TKO,1,2.38,6.116484253612327,-5.079999999999984,2.539999999999992,0,-1,0,1,1,1,1,0,14.57,3.8435140700068633,2.0590253946465342,0,0
33,2020-09-02,401222724,401222724|4293896|4684678,4293896,4684678,chase gibson,tucker lutz,0,tucker lutz,DEC-UNA,3,15,4.424457723293429,5.0800000000000125,0,0,-1,0,0,0,0,0,0,0,0,0,0,0
33,2020-09-02,401222724,401222724|4686734|4686735,4686735,4686734,dennis buzukja,melsik baghdasaryan,0,melsik baghdasaryan,DEC-UNA,3,15,-5.675681225487178,0,1.2699999999999818,-1,0,0,0,0,0,0,0,0,0,0,0,0
34,2020-09-09,401222785,401222785|3162028|3913473,3913473,3162028,phil hawes,khadzhi bestaev,1,phil hawes,KO-TKO,1,1.3,-0.48187163322997506,-12.700000000000017,3.8100000000000023,0,1,0,1,0,0,0,0,7.33,2.319236016371078,2.0463847203274215,0,0
34,2020-09-09,401222785,401222785|3896920|4045420,4045420,3896920,aliaskhab khizriev,henrique shiguemoto,1,aliaskhab khizriev,SUBMISSION,1,0.83,-1.1718241989910823,-5.0800000000000125,5.0800000000000125,1,0,0,0,0,0,0,0,0,0,0,0,0
34,2020-09-09,401222785,401222785|4252253|4600143,4252253,4600143,al matavao,tafon nchukwi,0,tafon nchukwi,KO-TKO,2,7.02,0.6379323326283242,-10.159999999999997,-24.130000000000024,0,0,0,0,0,0,0,0,0,0,0,0,0
34,2020-09-09,401222785,401222785|4412279|4684237,4412279,4684237,drako rodriguez,mana martinez,1,drako rodriguez,SUBMISSION,1,2.37,-0.22724628158004379,-5.0800000000000125,-2.5400000000000205,0,0,0,0,0,0,0,0,0,0,0,0,0
34,2020-09-09,401222785,401222785|4685886|4689223,4685886,4689223,cameron church,sherrard blackledge,0,sherrard blackledge,DEC-UNA,3,15,2.885753985365888,0,-7.6200000000000045,0,0,0,0,0,0,0,0,0,0,0,0,0
35,2020-09-16,401222786,401222786|2511778|4683397,4683397,2511778,korey kuppe,michael lombardo,0,michael lombardo,DEC-UNA,3,15,1.190989548040001,12.700000000000017,7.6200000000000045,0,0,0,-1,0,0,0,0,-15,-4.533333333333333,-2,0,-4
35,2020-09-16,401222786,401222786|3947116|4246527,4246527,3947116,kyle driscoll,dinis paiva,1,kyle driscoll,DEC-UNA,3,15,-6.327303093150441,5.0800000000000125,7.6200000000000045,-1,0,0,0,0,0,0,0,0,0,0,0,0
35,2020-09-16,401222786,401222786|4040956|4690541,4690541,4040956,gregory rodrigues,jordan williams,0,jordan williams,KO-TKO,1,2.32,-1.347050247438343,5.0800000000000125,-1.2700000000000102,-1,1,-1,-1,0,0,0,0,-15,-9.133333333333333,0,0,0
35,2020-09-16,401222786,401222786|4375603|4684925,4375603,4684925,danyelle wolf,taneisha tennant,1,danyelle wolf,DEC-UNA,3,15,5.768770063724787,10.159999999999997,0,0,0,1,0,0,0,0,0,0,0,0,0,0
35,2020-09-16,401222786,401222786|4686739|4690540,4690540,4686739,muhammad naimov,collin anglin,0,collin anglin,DEC-UNA,3,15,-1.4593044347248743,0,-2.539999999999992,0,0,0,0,0,0,0,0,0,0,0,0,0
36,2020-11-05,401223624,401223624|3074813|3147489,3074813,3147489,luis saldana,vince murdock,1,luis saldana,KO-TKO,3,10.73,0.14510907137039197,12.700000000000017,17.78,0,0,1,0,0,0,0,0,0,0,0,0,0
36,2020-11-05,401223624,401223624|4038116|4693719,4038116,4693719,ignacio bahamondes,edson gomez,1,ignacio bahamondes,KO-TKO,2,7.52,-6.508004955611682,17.78,15.240000000000009,0,0,0,0,0,0,0,0,0,0,0,0,0
36,2020-11-05,401223624,401223624|4227709|4251497,4251497,4227709,harry hunsucker,jared vanderaa,0,jared vanderaa,KO-TKO,1,3.57,3.353936083560921,-5.079999999999984,-12.699999999999989,0,1,0,0,0,0,0,0,0,0,0,0,0
36,2020-11-05,401223624,401223624|4687590|4695736,4695736,4687590,carlos ulberg,bruno oliveira,1,carlos ulberg,KO-TKO,1,2.03,-6.516218676632651,0,-7.619999999999976,0,0,1,0,0,0,0,0,0,0,0,0,0
37,2020-11-11,401223625,401223625|2504828|4689229,2504828,4689229,stephanie frausto,luana pinheiro,0,luana pinheiro,KO-TKO,1,2.8,2.16294653552092,0,-3.8100000000000023,0,-1,0,0,0,0,0,0,0,0,0,0,0
37,2020-11-11,401223625,401223625|3897242|4294278,3897242,4294278,nikolas motta,joe lowry,1,nikolas motta,DEC-UNA,3,15,-3.159544686064738,-5.0800000000000125,-7.619999999999976,0,0,1,-1,0,0,0,0,-2.87,-11.846689895470384,0,-5.2264808362369335,0
37,2020-11-11,401223625,401223625|4237930|4606413,4606413,4237930,danny sabatello,taylor moore,1,danny sabatello,DEC-UNA,3,15,0.5448434943907117,0,2.539999999999992,-1,0,0,0,0,0,0,0,0,0,0,0,0
37,2020-11-11,401223625,401223625|4684922|4684923,4684922,4684923,mariusz ksiazkiewicz,mario sousa,0,mario sousa,DEC-UNA,3,15,7.044634728981428,0,-11.430000000000007,1,0,0,0,0,0,0,0,0,0,0,0,0
37,2020-11-11,401223625,401223625|4701012|4702563,4702563,4701012,natan levy,shaheen santana,1,natan levy,SUBMISSION,3,10.92,-0.32307302682464467,-10.159999999999997,-10.159999999999997,1,0,0,0,0,0,0,0,0,0,0,0,0
38,2020-11-18,401223626,401223626|3162581|4700964,3162581,4700964,oscar cota,nick maximov,0,nick maximov,DEC-UNA,3,15,13.18849805266364,5.0800000000000125,-10.159999999999997,-1,0,0,0,0,0,0,0,0,0,0,0,0
38,2020-11-18,401223626,401223626|4193828|4249185,4193828,4249185,jacob silva,jp buys,0,jp buys,SUBMISSION,1,4.9,8.18360404388865,0,0,0,-1,0,0,0,0,0,0,7.529999999999999,3.0586345381526105,-4.016064257028113,0,0
38,2020-11-18,401223626,401223626|4374740|4689226,4374740,4689226,victoria leonardo,chelsea hackett,1,victoria leonardo,KO-TKO,2,9.68,8.495725442685337,2.539999999999992,-5.079999999999984,0,0,0,0,0,0,0,0,0,0,0,0,0
38,2020-11-18,401223626,401223626|4566310|4689228,4566310,4689228,gloria de paula,pauline macias,1,gloria de paula,DEC-UNA,3,15,-6.951545890743823,2.539999999999992,8.889999999999986,-1,0,1,0,0,0,0,0,0,0,0,0,0
38,2020-11-18,401223626,401223626|4684678|4689223,4689223,4684678,sherrard blackledge,tucker lutz,0,tucker lutz,DEC-UNA,3,15,0.9035093123062055,7.6200000000000045,7.6200000000000045,0,-1,0,0,0,0,0,0,0,-2.4000000000000004,0,0,1
39,2021-09-01,600008640,600008640|3110833|4227265,4227265,3110833,azamat murzakanov,matheus scheffel,1,azamat murzakanov,KO-TKO,1,3,3.564754923099038,-10.159999999999997,-11.429999999999978,1,0,1,0,0,0,0,0,0,0,0,0,0
39,2021-09-01,600008640,600008640|4013049|4713584,4713584,4013049,victor altamirano,carlos candelario,1,victor altamirano,DEC-SPLT,3,15,0.3614037249224822,0,5.0800000000000125,-1,0,1,-1,-1,0,0,0,-15,-1.6666666666666667,-8,0,-5
39,2021-09-01,600008640,600008640|4410116|4869424,4410116,4869424,leonardo damiani,aj fletcher,0,aj fletcher,KO-TKO,1,2.4,6.472412164520833,0,5.079999999999984,0,0,-1,0,0,0,0,0,0,0,0,0,0
39,2021-09-01,600008640,600008640|4422355|4881999,4881999,4422355,diego lopes,joanderson brito,0,joanderson brito,DEC-UNA,3,10.2,0.11773000130050448,7.6200000000000045,1.2700000000000102,0,1,-1,0,0,0,0,0,0,0,0,0,0
40,2021-09-08,600008641,600008641|2959422|4684923,2959422,4684923,chidi njokuani,mario sousa,1,chidi njokuani,KO-TKO,3,11.58,7.803034969917245,0,1.2699999999999818,0,0,1,-1,-1,0,0,0,-15,-3.4,0,0,-1
40,2021-09-08,600008641,600008641|3896935|4396359,4396359,3896935,cj vergara,bruno korea,1,cj vergara,KO-TKO,1,0.68,0.027379070069883937,0,7.6200000000000045,0,-1,0,0,0,0,0,0,0,0,0,0,0
40,2021-09-08,600008641,600008641|3960072|4816062,4816062,3960072,chad anheliger,muin gafurov,1,chad anheliger,DEC-SPLT,3,15,9.459468709145298,-2.5400000000000205,-8.889999999999986,0,-1,0,0,0,0,0,0,0,0,0,0,0
40,2021-09-08,600008641,600008641|3962309|4875505,4875505,3962309,saimon oliveira,jose alday,1,saimon oliveira,DEC-SPLT,3,15,0.39973442302032325,-7.6200000000000045,10.159999999999997,0,0,1,0,0,0,0,0,0,0,0,0,0
41,2021-09-15,600008642,600008642|3088682|3120454,3088682,3120454,albert duraev,caio bittencourt,1,albert duraev,SUBMISSION,1,3.48,2.3737653750590333,-2.539999999999992,0,0,1,0,0,0,0,0,0,0,0,0,0,0
41,2021-09-15,600008642,600008642|4684857|4873640,4684857,4873640,nasrudin nasrudinov,jailton almeida,0,jailton almeida,SUBMISSION,2,6.82,-0.2792665147128268,-7.6200000000000045,-20.319999999999993,0,0,-1,0,0,0,0,0,0,0,0,0,0
41,2021-09-15,600008642,600008642|4686723|4835135,4835135,4686723,jasmine jasudavicius,julia polastri,1,jasmine jasudavicius,DEC-UNA,3,15,9.01045195999918,12.700000000000017,12.699999999999989,0,0,-1,0,0,0,0,0,0,0,0,0,0
41,2021-09-15,600008642,600008642|4828707|4875506,4875506,4828707,ange loosa,jack della maddalena,0,jack della maddalena,DEC-UNA,3,15,3.4826177128893825,-2.539999999999992,2.5400000000000205,0,0,1,0,0,0,0,0,0,0,0,0,0
41,2021-09-15,600008642,600008642|4875507|4875508,4875508,4875507,mo miller,brandon lewis,1,mo miller,DEC-UNA,3,15,4.977514938705109,10.159999999999997,5.079999999999984,0,0,0,0,0,0,0,0,0,0,0,0,0
42,2021-09-22,600008643,600008643|4239743|4252258,4252258,4239743,victor martinez,jacob rosales,1,victor martinez,DEC-UNA,3,15,4.0301991142870826,-7.6200000000000045,-10.159999999999997,0,0,0,-1,0,0,0,0,-11.83,-12.003381234150465,-5.07185122569738,0,0
42,2021-09-22,600008643,600008643|4374436|4835136,4374436,4835136,aj dobson,hashem arkhagha,1,aj dobson,SUBMISSION,1,4.35,-2.3518621190031297,-2.5400000000000205,2.539999999999992,0,0,0,0,0,0,0,0,0,0,0,0,0
42,2021-09-22,600008643,600008643|4426305|4875510,4875510,4426305,theo rlayang,steven nguyen,0,steven nguyen,DEC-UNA,3,15,-1.2265823391308501,-10.159999999999997,-20.319999999999993,0,0,-1,-1,0,0,0,0,-14.6,-6.301369863013699,0,0,0
42,2021-09-22,600008643,600008643|4683418|4875509,4875509,4683418,kleydson rodrigues,santo curatolo,1,kleydson rodrigues,DEC-UNA,3,15,-0.7584002409358135,5.079999999999984,10.159999999999997,-1,0,0,0,0,0,0,0,0,0,0,0,0
42,2021-09-22,600008643,600008643|4700616|4869426,4700616,4869426,nikolay veretennikov,michael morales,0,michael morales,DEC-UNA,3,15,9.503275221257109,2.539999999999992,-12.699999999999989,0,1,-1,0,0,0,0,0,0,0,0,0,0
43,2021-09-29,600008644,600008644|4001837|4848663,4001837,4848663,rizvan kuniev,edivan santos,1,rizvan kuniev,KO-TKO,3,11,0.14784697837738037,0,-5.0800000000000125,0,0,0,0,0,0,0,0,0,0,0,0,0
43,2021-09-29,600008644,600008644|4255574|4835137,4835137,4255574,caio borralho,aaron jeffery,1,caio borralho,DEC-UNA,3,15,-0.1724881414402759,-2.5400000000000205,5.0800000000000125,1,0,0,-1,0,0,0,0,-3.38,-4.1420118343195265,-4.437869822485207,-4.437869822485207,-4.437869822485207
43,2021-09-29,600008644,600008644|4863327|4863328,4863328,4863327,lucas almeida,daniel zellhuber,0,daniel zellhuber,DEC-UNA,3,15,8.430015674517616,-5.079999999999984,-15.240000000000009,0,0,1,0,0,0,0,0,0,0,0,0,0
43,2021-09-29,600008644,600008644|4873641|4873642,4873642,4873641,ihor potieria,lucasz sudolski,1,ihor potieria,KO-TKO,1,3.68,-2.9542016605405976,-2.539999999999992,-1.2700000000000102,1,0,0,0,0,0,0,0,0,0,0,0,0
44,2021-10-06,600010080,600010080|3165120|4892412,4892412,3165120,shimon smotritsky,mike malott,0,mike malott,SUBMISSION,1,0.65,-8.791419399440098,2.5400000000000205,2.5400000000000205,0,0,0,0,0,0,0,0,0,0,0,0,0
44,2021-10-06,600010080,600010080|3249894|4236496,3249894,4236496,carlos hernandez,daniel barez,1,carlos hernandez,DEC-SPLT,3,15,-4.873474472439543,5.0800000000000125,2.5400000000000205,0,0,0,0,0,0,0,0,0,0,0,0,0
44,2021-10-06,600010080,600010080|4425728|4880596,4880596,4425728,fernie garcia,joshua weems,1,fernie garcia,KO-TKO,1,2.17,2.0616439762623457,-2.539999999999992,-5.079999999999984,0,0,0,0,0,0,0,0,0,0,0,0,0
44,2021-10-06,600010080,600010080|4783385|4875515,4783385,4875515,joseph holmes,shonte barnes,1,joseph holmes,SUBMISSION,2,7.77,-8.397160790433755,12.699999999999989,10.159999999999997,-1,0,0,0,0,0,0,0,0,0,0,0,0
44,2021-10-06,600010080,600010080|4874988|4874989,4874988,4874989,genaro valdez,patrik white,1,genaro valdez,KO-TKO,2,5.73,1.4018083875781144,-7.6200000000000045,0,0,0,0,0,0,0,0,0,0,0,0,0,0
45,2021-10-13,600010081,600010081|2502713|4406574,2502713,4406574,lorenzo hood,martin buday,0,martin buday,KO-TKO,1,4.93,2.694100494876693,-2.539999999999992,7.619999999999976,1,-1,0,0,0,0,0,0,0,0,0,0,0
45,2021-10-13,600010081,600010081|4403763|4869428,4403763,4869428,kathryn paprocki,maria silva,0,maria silva,DEC-UNA,3,15,2.64208026174391,0,0,0,0,0,0,0,0,0,0,0,0,0,0,0
45,2021-10-13,600010081,600010081|4705600|4815978,4705600,4815978,jake hadley,mitch raposo,1,jake hadley,SUBMISSION,2,8.18,2.201277233618761,5.0800000000000125,13.969999999999999,1,0,0,0,0,0,0,0,0,0,0,0,0
45,2021-10-13,600010081,600010081|4867356|4877915,4867356,4877915,chris duncan,viacheslav borshchev,0,viacheslav borshchev,KO-TKO,2,5.47,-1.336098619410393,-2.539999999999992,5.0800000000000125,0,0,-1,0,0,0,0,0,0,0,0,0,0
45,2021-10-13,600010081,600010081|4875511|4892422,4875511,4892422,christian rodriguez,reyes cortez jr.,1,christian rodriguez,DEC-UNA,3,15,-5.3799872687324175,0,8.890000000000015,0,0,0,0,0,0,0,0,0,0,0,0,0
46,2021-10-20,600011551,600011551|3924102|3936279,3936279,3924102,pedro falcão,james barnes,1,pedro falcão,KO-TKO,3,13.92,-10.174062437969297,-5.0800000000000125,-12.700000000000017,0,0,0,0,0,0,0,0,0,0,0,0,0
46,2021-10-20,600011551,600011551|4336424|4835137,4336424,4835137,jesse murray,caio borralho,0,caio borralho,KO-TKO,1,1.68,-0.02737907006988749,5.0800000000000125,7.6200000000000045,-1,0,0,-1,-1,0,0,0,-15,-4.533333333333333,-3,0,0
46,2021-10-20,600011551,600011551|4816066|4836549,4836549,4816066,valesca machado,piera rodriguez,0,piera rodriguez,DEC-UNA,3,15,-3.4826177128893825,2.539999999999992,-1.2699999999999818,0,0,-1,0,0,0,0,0,0,0,0,0,0
46,2021-10-20,600011551,600011551|4875514|4894791,4894791,4875514,armen petrosyan,kaloyan kolev,1,armen petrosyan,KO-TKO,1,4.45,1.9548656029897948,2.539999999999992,-5.079999999999984,0,0,1,0,0,0,0,0,0,0,0,0,0
46,2021-10-20,600011551,600011551|4878384|4880114,4880114,4878384,jonny parsons,solomon renfro,1,jonny parsons,DEC-SPLT,3,15,5.418317966830259,0,-7.6200000000000045,0,0,1,0,0,0,0,0,0,0,0,0,0
47,2021-10-27,600011552,600011552|3309918|4568503,3309918,4568503,karine silva,yan qihui,1,karine silva,SUBMISSION,2,6.73,2.885753985365888,5.079999999999984,12.700000000000017,0,1,0,0,0,0,0,0,0,0,0,0,0
47,2021-10-27,600011552,600011552|4021216|4867357,4021216,4867357,oron kahlon,javid basharat,0,javid basharat,SUBMISSION,3,14.2,10.839373840667506,-2.539999999999992,2.5400000000000205,0,0,0,0,0,0,0,0,0,0,0,0,0
47,2021-10-27,600011552,600011552|4218124|4896616,4218124,4896616,kolton englund,manuel torres,0,manuel torres,KO-TKO,1,2.17,1.7084539723608287,0,-10.159999999999997,0,0,0,0,0,0,0,0,0,0,0,0,0
47,2021-10-27,600011552,600011552|4884868|4894864,4894864,4884868,xiao long,cristian quiñonez,0,cristian quiñonez,DEC-UNA,3,15,-1.96307932401076,0,0,0,-1,1,0,0,0,0,0,0,0,0,0,0
47,2021-10-27,600011552,600011552|4892415|4892416,4892416,4892415,olivier murad,xie bin,1,olivier murad,DEC-SPLT,3,15,4.1889977206924165,2.5400000000000205,2.539999999999992,1,0,0,0,0,0,0,0,0,0,0,0,0
47,2021-10-27,600011552,600011552|4896529|4896540,4896540,4896529,jansey silva,gadzhi omargadzhiev,0,gadzhi omargadzhiev,SUBMISSION,1,4.32,-2.2587732807655208,2.5400000000000205,-11.430000000000007,0,0,0,0,0,0,0,0,0,0,0,0,0
48,2021-11-03,600011553,600011553|4204320|4286781,4204320,4286781,juan puerta,shang zhifa,1,juan puerta,DEC-SPLT,3,15,-1.8508251367242323,5.079999999999984,20.319999999999993,1,0,0,0,0,0,0,0,0,0,0,0,0
48,2021-11-03,600011553,600011553|4354422|4884867,4354422,4884867,canaan kawaihae,jonas bilharinho,0,jonas bilharinho,KO-TKO,3,14,-7.2636672895405106,2.539999999999992,-10.159999999999997,1,1,0,1,0,0,0,0,15,5.4,0,0,3
48,2021-11-03,600011553,600011553|4848687|4880807,4880807,4848687,yohan lainesse,justin burlinson,1,yohan lainesse,KO-TKO,1,1.62,4.761220285153016,0,5.079999999999984,0,0,1,0,0,0,0,0,0,0,0,0,0
48,2021-11-03,600011553,600011553|4875499|4895360,4875499,4895360,achilles estremadura,maheshate,0,maheshate,DEC-UNA,3,15,7.7236356667145785,-5.079999999999984,-8.890000000000015,0,-1,0,0,0,0,0,0,0,0,0,0,0
48,2021-11-03,600011553,600011553|4895361|4895769,4895769,4895361,erisson ferreira,qiulun,1,erisson ferreira,DEC-UNA,3,15,6.182194021780049,-5.0800000000000125,7.6200000000000045,-1,0,0,0,0,0,0,0,0,0,0,0,0
49,2022-07-27,600021770,600021770|4684135|4944080,4944080,4684135,ozzy diaz,joe pyfer,0,joe pyfer,KO-TKO,2,6.65,5.820790296857567,5.079999999999984,10.159999999999997,0,0,-1,-1,0,0,0,0,-4.35,-3.6781609195402303,-3.4482758620689657,0,-3.4482758620689657
49,2022-07-27,600021770,600021770|4686735|4879763,4686735,4879763,dennis buzukja,kaleio romero,1,dennis buzukja,DEC-UNA,3,15,-1.451090713703909,-2.5400000000000205,3.8100000000000023,0,0,0,1,0,0,0,0,15,3.8,2,0,1
49,2022-07-27,600021770,600021770|4687113|4875513,4687113,4875513,acácio dos santos,anton turkalj,0,anton turkalj,DEC-UNA,3,15,4.698248423992279,0,2.539999999999992,0,0,0,0,0,0,0,0,0,0,0,0,0
49,2022-07-27,600021770,600021770|5060382|5074121,5074121,5060382,alessandro costa,juan andres luna,1,alessandro costa,DEC-SPLT,3,15,-0.44080302812514915,-7.6200000000000045,-12.699999999999989,0,1,0,0,0,0,0,0,0,0,0,0,0
50,2022-08-03,600021771,600021771|4706975|4892412,4706975,4892412,billy ray goff,shimon smotritsky,1,billy ray goff,KO-TKO,1,3.62,2.179373977562854,-10.159999999999997,-5.0800000000000125,0,0,0,-1,0,0,0,0,-0.65,-1.5384615384615383,0,0,-23.076923076923073
50,2022-08-03,600021771,600021771|4786358|4867356,4786358,4867356,charlie campbell,chris duncan,0,chris duncan,KO-TKO,1,1.72,-2.1465190934789895,5.079999999999984,3.8100000000000023,0,0,0,-1,0,0,0,0,-5.47,-7.495429616087752,0,-2.742230347349177,0
50,2022-08-03,600021771,600021771|4812389|4869425,4869425,4812389,vinicius salvador,shannon ross,1,vinicius salvador,KO-TKO,2,9.370000000000001,-7.2006954283797775,2.5400000000000205,11.430000000000007,1,1,0,0,0,0,0,0,0,0,0,0,0
50,2022-08-03,600021771,600021771|4903365|5060387,5060387,4903365,danilo suzart,waldo cortes-acosta,0,waldo cortes-acosta,KO-TKO,1,3.67,-0.16975023443328752,-10.159999999999997,-10.159999999999997,0,0,-1,0,0,0,0,0,0,0,0,0,0
50,2022-08-03,600021771,600021771|5044438|5060394,5060394,5044438,francis marshall,connor matthews,1,francis marshall,DEC-UNA,3,15,-6.754416586240648,2.539999999999992,2.539999999999992,0,0,0,0,0,0,0,0,0,0,0,0,0
51,2022-08-10,600021772,600021772|4565641|5007669,5007669,4565641,paulo renato jr.,jamal pogues,0,jamal pogues,DEC-UNA,3,15,1.8480872297172404,-7.6200000000000045,-10.160000000000025,0,0,-1,-1,-1,0,0,0,-15,-3.2666666666666666,-7,0,0
51,2022-08-10,600021772,600021772|4683551|5044439,4683551,5044439,karolina wojcik,sandra lavado,1,karolina wojcik,DEC-UNA,3,15,-0.3614037249224822,-12.700000000000017,-10.159999999999997,0,0,0,0,0,0,0,0,0,0,0,0,0
51,2022-08-10,600021772,600021772|4904998|5076027,5076027,4904998,édgar cháirez,clayton carpenter,0,clayton carpenter,DEC-UNA,3,15,0.3668795389364625,2.5400000000000205,12.700000000000017,0,0,0,0,0,0,0,0,0,0,0,0,0
51,2022-08-10,600021772,600021772|5060511|5075335,5075335,5060511,erik silva,anvar boynazarov,1,erik silva,KO-TKO,1,1.53,1.8234460666543413,0,5.0800000000000125,0,0,0,0,0,0,0,0,0,0,0,0,0
51,2022-08-10,600021772,600021772|5061870|5078230,5078230,5061870,zachary borrego,bo nickal,0,bo nickal,SUBMISSION,1,1.03,-0.5092507032998626,2.5400000000000205,5.0800000000000125,-1,-1,0,0,0,0,0,0,0,0,0,0,0
52,2022-08-17,600021773,600021773|4360028|4584150,4360028,4584150,jose johnson,jack cartwright,1,jose johnson,DEC-UNA,3,15,-0.982908615508876,7.6200000000000045,8.890000000000015,0,0,0,1,0,0,0,0,15,1.8666666666666667,12,0,1
52,2022-08-17,600021773,600021773|4374742|5030324,4374742,5030324,hailey cowan,claudia leite,1,hailey cowan,DEC-SPLT,3,15,4.728365401069151,12.699999999999989,6.349999999999994,1,0,0,0,0,0,0,0,0,0,0,0,0
52,2022-08-17,600021773,600021773|5065494|5074126,5065494,5074126,ivan valenzuela,claudio ribeiro,0,claudio ribeiro,KO-TKO,1,0.42,-0.33676256185958664,2.5400000000000205,0,0,0,-1,0,0,0,0,0,0,0,0,0,0
52,2022-08-17,600021773,600021773|5074129|5074130,5074129,5074130,ahmad hassanzada,nazim sadykhov,0,nazim sadykhov,KO-TKO,3,11.98,-2.5161365394224404,7.619999999999976,15.240000000000009,-1,0,0,0,0,0,0,0,0,0,0,0,0
52,2022-08-17,600021773,600021773|5074131|5074276,5074131,5074276,esteban ribovics,thomas paull,1,esteban ribovics,KO-TKO,1,1.5,-1.5332279239135644,7.6200000000000045,5.079999999999984,0,0,1,0,0,0,0,0,0,0,0,0,0
53,2022-08-24,600022207,600022207|4358252|4963260,4358252,4963260,darrius flowers,amiran gogoladze,1,darrius flowers,SUBMISSION,1,1.22,3.290964222400188,-10.159999999999997,-7.6200000000000045,0,0,0,0,0,0,0,0,0,0,0,0,0
53,2022-08-24,600022207,600022207|4601333|4963343,4963343,4601333,denise gomes,rayanne dos santos,1,denise gomes,DEC-UNA,3,15,-4.561353073642856,0,2.5400000000000205,0,0,-1,0,0,0,0,0,0,0,0,0,0
53,2022-08-24,600022207,600022207|4895769|5074274,4895769,5074274,erisson ferreira,jesus aguilar,0,jesus aguilar,SUBMISSION,3,11.93,4.86252284441159,5.079999999999984,19.05000000000001,0,0,0,1,1,0,0,0,15,0,0,0,0
53,2022-08-24,600022207,600022207|5053878|5060505,5053878,5060505,eduardo neves,mick parkin,0,mick parkin,SUBMISSION,1,1.95,-4.454574700370301,-5.079999999999984,-1.2700000000000102,0,0,0,0,0,0,0,0,0,0,0,0,0
53,2022-08-24,600022207,600022207|5077399|5077400,5077399,5077400,cameron saaiman,josh wang-kim,1,cameron saaiman,KO-TKO,3,12.870000000000001,-8.09325311265803,-2.539999999999992,-10.159999999999997,1,0,0,0,0,0,0,0,0,0,0,0,0
54,2022-08-31,600022208,600022208|4213329|5080936,5080936,4213329,blake bilder,alexander morgan,1,blake bilder,SUBMISSION,1,3.23,0.8377995441384805,-5.0800000000000125,-6.349999999999994,0,0,0,0,0,0,0,0,0,0,0,0,0
54,2022-08-31,600022208,600022208|4689965|5044376,4689965,5044376,mateusz rębecki,rodrigo lidio,1,mateusz rębecki,SUBMISSION,1,3.08,-3.326557013491037,-10.159999999999997,-17.78,1,1,0,0,0,0,0,0,0,0,0,0,0
54,2022-08-31,600022208,600022208|4869428|5060398,4869428,5060398,maria silva,viktoriia dudakova,0,viktoriia dudakova,DEC-UNA,3,15,3.10478654592497,-5.079999999999984,-5.0800000000000125,0,0,0,1,1,0,0,0,15,0,0,0,0
54,2022-08-31,600022208,600022208|5060467|5060472,5060467,5060472,sedriques dumas,matej penaz,1,sedriques dumas,SUBMISSION,1,0.78,1.190989548040001,-2.539999999999992,-10.159999999999997,-1,0,1,0,0,0,0,0,0,0,0,0,0
54,2022-08-31,600022208,600022208|5080485|5085249,5085249,5080485,yusaku kinoshita,jose henrique,1,yusaku kinoshita,KO-TKO,3,10.72,1.7522604844726466,-7.6200000000000045,-20.319999999999993,1,0,1,0,0,0,0,0,0,0,0,0,0
55,2022-09-07,600022209,600022209|3093513|4294871,3093513,4294871,ismael bonfim,nariman abbasov,1,ismael bonfim,DEC-UNA,3,15,-1.9028453698570118,0,13.970000000000027,0,0,1,0,0,0,0,0,0,0,0,0,0
55,2022-09-07,600022209,600022209|4701186|4915907,4915907,4701186,karl williams,jimmy lawson,1,karl williams,DEC-UNA,3,15,1.8508251367242288,7.6200000000000045,5.079999999999984,0,0,0,0,0,0,0,0,0,0,0,0,0
55,2022-09-07,600022209,600022209|4921516|5092403,4921516,5092403,gabriel bonfim,trey waters,1,gabriel bonfim,SUBMISSION,1,4.22,-2.4942332833665333,-10.160000000000025,-11.430000000000007,0,0,-1,0,0,0,0,0,0,0,0,0,0
55,2022-09-07,600022209,600022209|5056143|5056144,5056143,5056144,nayara maia,tereza bleda,0,tereza bleda,DEC-UNA,3,15,11.351362450974353,-10.159999999999997,-12.700000000000017,0,-1,0,0,0,0,0,0,0,0,0,0,0
55,2022-09-07,600022209,600022209|5060483|5060489,5060489,5060483,rodolfo bellato,vitor petrino,0,vitor petrino,KO-TKO,2,8.6,1.5606069939834484,2.539999999999992,-6.349999999999994,0,0,-1,0,0,0,0,0,0,0,0,0,0
56,2022-09-14,600022210,600022210|4394200|4891678,4394200,4891678,bruna brasil,marnic mann,1,bruna brasil,KO-TKO,2,9.55,-0.5092507032998626,15.23999999999998,3.8100000000000023,-1,0,0,0,0,0,0,0,0,0,0,0,0
56,2022-09-14,600022210,600022210|4684776|4684923,4684923,4684776,mario sousa,ikram aliskerov,0,ikram aliskerov,SUBMISSION,1,2.15,-3.8686626008747638,7.6200000000000045,8.890000000000015,-1,-1,0,2,0.5,0,0,0,13.29,2.4078254326561326,0.5643340857787811,0,0.5643340857787811
56,2022-09-14,600022210,600022210|4875507|5088886,4875507,5088886,brandon lewis,daniel marcos,0,daniel marcos,DEC-UNA,3,15,-4.40529237424451,-7.6200000000000045,2.5400000000000205,0,0,0,1,0,0,0,0,15,0,0,0,0
56,2022-09-14,600022210,600022210|4903519|5016786,5016786,4903519,farid basharat,allan begosso,1,farid basharat,DEC-UNA,3,15,-1.6920265303188984,7.6200000000000045,12.700000000000017,0,0,0,0,0,0,0,0,0,0,0,0,0
56,2022-09-14,600022210,600022210|5048900|5092399,5048900,5092399,trevor peek,malik lewis,1,trevor peek,KO-TKO,2,7.62,1.1499209429351716,-7.6200000000000045,-12.699999999999989,0,0,0,0,0,0,0,0,0,0,0,0,0
57,2022-09-21,600022211,600022211|2223033|5076594,5076594,2223033,richard jacobi,austen lane,0,austen lane,KO-TKO,1,4.57,-5.886500065025292,-5.0800000000000125,-12.699999999999989,0,0,0,-1,0,0,0,0,-0.95,-6.315789473684211,0,-15.789473684210526,0
57,2022-09-21,600022211,600022211|3128474|5092398,5092398,3128474,nurullo aliev,josh wick,1,nurullo aliev,KO-TKO,1,4.6,-6.1794561147730604,2.5400000000000205,7.6200000000000045,0,0,0,0,0,0,0,0,0,0,0,0,0
57,2022-09-21,600022211,600022211|3896934|5075937,3896934,5075937,jafel filho,roybert echeverria,1,jafel filho,KO-TKO,3,11.52,2.29436607185637,5.0800000000000125,3.8100000000000023,0,1,0,0,0,0,0,0,0,0,0,0,0
57,2022-09-21,600022211,600022211|4584163|5077131,5077131,4584163,brunno ferreira,leon aliu,1,brunno ferreira,KO-TKO,1,1.58,-3.310129571449103,-5.079999999999984,-5.0800000000000125,0,1,0,0,0,0,0,0,0,0,0,0,0
57,2022-09-21,600022211,600022211|4876401|5088844,5088844,4876401,raul rosas jr.,mando gutierrez,1,raul rosas jr.,DEC-UNA,3,15,-7.619595200449016,7.6200000000000045,-7.6200000000000045,-1,0,0,0,0,0,0,0,0,0,0,0,0
58,2022-09-28,600022212,600022212|4795255|5088891,5088891,4795255,mateus mendonca,ashiek ajim,1,mateus mendonca,KO-TKO,1,0.8,-4.580518422691775,-5.0800000000000125,1.2700000000000102,0,1,0,0,0,0,0,0,0,0,0,0,0
58,2022-09-28,600022212,600022212|4871197|5076593,5076593,4871197,rafael estevam,joao elias,1,rafael estevam,KO-TKO,2,7.42,-1.5879860640533359,12.699999999999989,11.429999999999978,-1,0,0,0,0,0,0,0,0,0,0,0,0
58,2022-09-28,600022212,600022212|5061870|5088537,5061870,5088537,bo nickal,donovan beard,1,bo nickal,SUBMISSION,1,0.87,-6.190407742801018,-2.5400000000000205,-5.0800000000000125,1,1,0,1,1,1,0,1,1.03,1.941747572815534,29.12621359223301,0,29.12621359223301
58,2022-09-28,600022212,600022212|5088845|5088916,5088845,5088916,vinicius cenci,sam patterson,0,sam patterson,SUBMISSION,2,9.3,0.432589307104184,-5.0800000000000125,-10.159999999999997,0,0,0,0,0,0,0,0,0,0,0,0,0
58,2022-09-28,600022212,600022212|5088846|5088885,5088846,5088885,emiliano linares,jack jenkins,0,jack jenkins,KO-TKO,3,14.5,-3.46345236384046,2.539999999999992,11.430000000000007,0,0,0,0,0,0,0,0,0,0,0,0,0
59,2023-08-08,600036332,600036332|4788298|5144066,5144066,4788298,kevin borjas,victor dias,1,kevin borjas,DEC-UNA,3,15,-6.946070076729843,-2.539999999999992,-2.539999999999992,0,0,0,0,0,0,0,0,0,0,0,0,0
59,2023-08-08,600036332,600036332|4892422|5144008,4892422,5144008,reyes cortez jr.,payton talbott,0,payton talbott,DEC-UNA,3,15,6.108270532591359,-7.6200000000000045,-6.349999999999994,0,0,0,1,0,0,0,0,15,3.1333333333333333,2,0,0
59,2023-08-08,600036332,600036332|5007668|5075334,5007668,5075334,caio machado,kevin szaflarski,1,caio machado,DEC-UNA,3,15,0.44627884213912594,-2.5400000000000205,2.539999999999992,1,0,0,0,0,0,0,0,0,0,0,0,0
59,2023-08-08,600036332,600036332|5119021|5144068,5119021,5144068,lucas fernando,cesar almeida,0,cesar almeida,DEC-UNA,3,15,-8.78868149243311,5.0800000000000125,19.049999999999983,0,0,-1,0,0,0,0,0,0,0,0,0,0
59,2023-08-08,600036332,600036332|5144006|5144007,5144006,5144007,bogdan grad,tom nolan,0,tom nolan,KO-TKO,1,1.38,4.443623072342348,-17.78,-7.619999999999976,-1,0,0,0,0,0,0,0,0,0,0,0,0
60,2023-08-15,600036492,600036492|4684240|5007669,5007669,4684240,paulo renato jr.,ibo aslan,0,ibo aslan,KO-TKO,1,2.37,2.242345838723587,-7.6200000000000045,-11.430000000000007,0,0,-1,1,0,0,0,0,15,5.133333333333334,0,0,0
60,2023-08-15,600036492,600036492|4695485|4764301,4695485,4764301,abdul-kareem al-selwady,george hardwick,1,abdul-kareem al-selwady,DEC-UNA,3,15,1.659171646235034,-2.539999999999992,-7.6200000000000045,0,0,0,0,0,0,0,0,0,0,0,0,0
60,2023-08-15,600036492,600036492|4878592|5144320,4878592,5144320,charalampos grigoriou,cameron smotherman,1,charalampos grigoriou,KO-TKO,1,1,5.464862385949061,-5.079999999999984,-3.8100000000000023,0,0,1,0,0,0,0,0,0,0,0,0,0
60,2023-08-15,600036492,600036492|5027356|5115163,5027356,5115163,hyder amil,emrah sonmez,1,hyder amil,DEC-UNA,3,15,2.080809325311261,-2.5400000000000205,-2.539999999999992,0,0,0,0,0,0,0,0,0,0,0,0,0
60,2023-08-15,600036492,600036492|5143887|5143888,5143888,5143887,eduarda moura,janaina silva,1,eduarda moura,SUBMISSION,1,4,-2.034264906192462,12.699999999999989,15.23999999999998,0,1,0,0,0,0,0,0,0,0,0,0,0
61,2023-08-23,600036493,600036493|4403762|5007635,5007635,4403762,josefine knutsson,isis verbeek,1,josefine knutsson,DEC-UNA,3,15,-1.01028768557876,-2.539999999999992,-10.159999999999997,0,0,1,0,0,0,0,0,0,0,0,0,0
61,2023-08-23,600036493,600036493|4900808|5056138,4900808,5056138,oban elliott,kaik brito,1,oban elliott,DEC-MAJ,3,15,-0.7337590778729179,2.539999999999992,-1.2700000000000102,0,0,0,0,0,0,0,0,0,0,0,0,0
61,2023-08-23,600036493,600036493|5143223|5143224,5143223,5143224,zachary reese,eli aronov,1,zachary reese,SUBMISSION,1,1.23,2.2040151406257458,15.23999999999998,12.700000000000017,0,0,0,0,0,0,0,0,0,0,0,0,0
61,2023-08-23,600036493,600036493|5144312|5147245,5147245,5144312,robbie ring,luis pajuelo,0,luis pajuelo,KO-TKO,1,3.72,-5.5880682012635425,-2.5400000000000205,-3.8100000000000023,0,0,0,0,0,0,0,0,0,0,0,0,0
62,2023-08-30,600036494,600036494|4294832|4816283,4294832,4816283,carlos prates,mitch ramirez,1,carlos prates,KO-TKO,2,6.23,-0.785779311005701,5.079999999999984,17.78,0,0,1,0,0,0,0,0,0,0,0,0,0
62,2023-08-30,600036494,600036494|4358022|4869702,4358022,4869702,chandler cole,thomas petersen,0,thomas petersen,SUBMISSION,2,6.13,0.2190325605590786,-7.619999999999976,-3.8100000000000023,-1,0,-1,0,0,0,0,0,0,0,0,0,0
62,2023-08-30,600036494,600036494|4914335|5145682,4914335,5145682,dylan salvador,bolaji oki,0,bolaji oki,KO-TKO,1,2.77,2.4887574693525565,-2.5400000000000205,-8.889999999999986,1,0,0,0,0,0,0,0,0,0,0,0,0
62,2023-08-30,600036494,600036494|5079262|5123311,5123311,5079262,timmy cuamba,mateo vogel,1,timmy cuamba,DEC-UNA,3,15,-2.929560497477702,2.539999999999992,0,0,0,0,0,0,0,0,0,0,0,0,0,0
62,2023-08-30,600036494,600036494|5138111|5149815,5149815,5138111,yousri belgaroui,marco tulio,0,marco tulio,DEC-UNA,3,15,1.9548656029897948,12.700000000000017,11.430000000000007,0,0,0,0,0,0,0,0,0,0,0,0,0
63,2023-09-06,600036495,600036495|4379328|4691323,4691323,4379328,bruno lopes,brendson ribeiro,0,brendson ribeiro,KO-TKO,1,3.78,3.3758393396168316,-2.539999999999992,-17.78,0,0,-1,0,0,0,0,0,0,0,0,0,0
63,2023-09-06,600036495,600036495|4801725|5144319,5144319,4801725,rainn guerrero,dione barbosa,0,dione barbosa,SUBMISSION,1,4.58,-0.013689535034941969,0,-2.539999999999992,0,0,0,0,0,0,0,0,0,0,0,0,0
63,2023-09-06,600036495,600036495|5032015|5068827,5068827,5032015,chad hanekom,dylan budka,0,dylan budka,DEC-UNA,3,15,9.73599731685113,10.159999999999997,-2.539999999999992,0,0,0,0,0,0,0,0,0,0,0,0,0
63,2023-09-06,600036495,600036495|5145681|5145766,5145766,5145681,jean silva,kevin vallejos,1,jean silva,DEC-UNA,3,15,4.9473979616282335,0,2.539999999999992,0,0,1,0,0,0,0,0,0,0,0,0,0
63,2023-09-06,600036495,600036495|5146229|5152409,5146229,5152409,serhiy sidey,ramon taveras,1,serhiy sidey,KO-TKO,1,2.43,-2.483281655338576,7.6200000000000045,5.079999999999984,-1,0,0,0,0,0,0,0,0,0,0,0,0
64,2023-09-13,600036496,600036496|4426305|4685730,4685730,4426305,aj cunningham,steven nguyen,0,steven nguyen,KO-TKO,2,9.1,-1.3032437353265287,-2.539999999999992,-5.079999999999984,0,0,-1,-2,-0.5,0,0,0,-14.8,-7.364864864864865,0,0,0
64,2023-09-13,600036496,600036496|4686723|5145494,4686723,5145494,julia polastri,patricia alujas,1,julia polastri,SUBMISSION,2,9.08,-1.8234460666543448,-5.0800000000000125,-2.539999999999992,0,0,1,1,0,0,0,0,15,4.333333333333333,0,0,0
64,2023-09-13,600036496,600036496|5053878|5145497,5145497,5053878,jhonata diniz,eduardo neves,1,jhonata diniz,KO-TKO,1,3.25,8.731185445286354,5.079999999999984,2.5400000000000205,0,0,1,-1,0,0,0,0,-1.95,-3.58974358974359,-15.384615384615387,0,-7.692307692307693
64,2023-09-13,600036496,600036496|5075748|5092399,5092399,5075748,malik lewis,james llontop,0,james llontop,DEC-UNA,3,15,3.4114321307076807,0,5.0800000000000125,0,0,-1,1,0,0,0,0,7.62,8.530183727034121,7.874015748031496,0,0
64,2023-09-13,600036496,600036496|5149436|5149439,5149439,5149436,jean matsumoto,kasey tanner,1,jean matsumoto,DEC-UNA,3,15,-7.660663805553845,-2.5400000000000205,-2.539999999999992,0,0,0,0,0,0,0,0,0,0,0,0,0
65,2023-09-20,600036497,600036497|4868702|4935217,4935217,4868702,dylan mantello,kaynan kruschewsky,0,kaynan kruschewsky,SUBMISSION,1,2.87,-1.6290546691581618,2.539999999999992,0,0,0,-1,0,0,0,0,0,0,0,0,0,0
65,2023-09-20,600036497,600036497|4977643|5077056,5077056,4977643,jacobi jones,daniel allen,0,daniel allen,DEC-UNA,3,15,-3.786525390665105,-7.6200000000000045,-7.6200000000000045,-1,0,0,0,0,0,0,0,0,0,0,0,0
65,2023-09-20,600036497,600036497|5121866|5145498,5121866,5145498,greg velasco,shamil gaziev,0,shamil gaziev,SUBMISSION,1,2.63,-3.616775156231821,-5.079999999999984,-21.589999999999975,1,0,0,0,0,0,0,0,0,0,0,0,0
65,2023-09-20,600036497,600036497|5126213|5145496,5145496,5126213,igor severino,jhonata silva,1,igor severino,KO-TKO,2,7.62,-5.990540531290854,5.0800000000000125,7.6200000000000045,0,0,0,0,0,0,0,0,0,0,0,0,0
66,2023-09-27,600036498,600036498|4688624|4884877,4688624,4884877,victor madrigal,vinicius oliveira,0,vinicius oliveira,KO-TKO,1,3.03,5.289636337501797,-5.079999999999984,1.2700000000000102,0,0,0,0,0,0,0,0,0,0,0,0,0
66,2023-09-27,600036498,600036498|4702589|4893608,4893608,4702589,angel pacheco,danny silva,0,danny silva,DEC-UNA,3,15,5.048700520886808,-7.6200000000000045,0,0,0,1,0,0,0,0,0,0,0,0,0,0
66,2023-09-27,600036498,600036498|5088544|5152138,5152138,5088544,danny barlow,raheam forest,1,danny barlow,KO-TKO,1,1.32,1.9411760679548529,7.6200000000000045,15.240000000000009,1,0,0,0,0,0,0,0,0,0,0,0,0
66,2023-09-27,600036498,600036498|5119702|5149190,5119702,5149190,alexander soldatkin,mario piazzon,0,mario piazzon,DQ,3,10.33,4.821454239306764,12.700000000000017,5.0800000000000125,0,0,0,0,0,0,0,0,0,0,0,0,0
66,2023-09-27,600036498,600036498|5149147|5172179,5172179,5149147,carli judice,ernesta kareckaite,0,ernesta kareckaite,DEC-SPLT,3,15,-0.7392348918868947,-5.079999999999984,-7.6200000000000045,1,0,0,0,0,0,0,0,0,0,0,0,0
67,2023-10-04,600036499,600036499|4293183|5119536,5119536,4293183,eduardo torres caut,victor hugo,0,victor hugo,SUBMISSION,2,7.27,-2.423047701184828,0,-3.8100000000000023,0,0,-1,0,0,0,0,0,0,0,0,0,0
67,2023-10-04,600036499,600036499|4565683|5122238,5122238,4565683,mauricio ruffy,raimond magomedaliev,1,mauricio ruffy,KO-TKO,3,14.75,-6.0206575083677265,-5.079999999999984,0,0,0,1,0,0,0,0,0,0,0,0,0,0
67,2023-10-04,600036499,600036499|5060489|5149437,5060489,5149437,rodolfo bellato,murtaza talha,1,rodolfo bellato,KO-TKO,2,9.77,0.4271134930902072,7.6200000000000045,2.539999999999992,0,0,0,1,0,0,0,0,8.6,4.883720930232558,0,1.744186046511628,0
67,2023-10-04,600036499,600036499|5149440|5157817,5149440,5157817,magomed gadzhiyasulov,jose daniel medina,1,magomed gadzhiyasulov,DEC-UNA,3,15,-2.4695921203036377,5.0800000000000125,2.5400000000000205,0,0,0,0,0,0,0,0,0,0,0,0,0
68,2023-10-11,600036500,600036500|4050996|5147207,5147207,4050996,yuri panferov,torrez finney,0,torrez finney,SUBMISSION,2,7.720000000000001,2.149257000485978,12.699999999999989,-6.349999999999994,0,0,0,0,0,0,0,0,0,0,0,0,0
68,2023-10-11,600036500,600036500|4683526|5157668,4683526,5157668,issa isakov,marquel mederos,0,marquel mederos,KO-TKO,1,4.15,7.107606590142165,-2.5400000000000205,2.5400000000000205,0,0,0,0,0,0,0,0,0,0,0,0,0
68,2023-10-11,600036500,600036500|4775129|5152409,5152409,4775129,ramon taveras,cortavious romious,1,ramon taveras,KO-TKO,1,0.48,-0.008213721020968734,10.159999999999997,5.0800000000000125,0,0,0,1,0,0,0,0,2.43,4.526748971193415,0,6.1728395061728385,0
68,2023-10-11,600036500,600036500|5044438|5157670,5157670,5044438,jair farias,connor matthews,0,connor matthews,DEC-UNA,3,15,-0.7912551250196778,7.6200000000000045,15.240000000000009,0,0,0,-1,0,0,0,0,-15,-7.333333333333333,-6,0,0
68,2023-10-11,600036500,600036500|5146278|5149442,5146278,5149442,lucas rocha,davi bittencourt,1,lucas rocha,KO-TKO,2,5.3,-5.834479831892512,-5.079999999999984,-2.539999999999992,0,0,1,0,0,0,0,0,0,0,0,0,0
68,2023-10-11,600036500,600036500|5147579|5157669,5157669,5147579,andre lima,rickson zenidim,1,andre lima,DEC-UNA,3,15,0.03559279109084912,0,-1.2699999999999818,0,0,1,0,0,0,0,0,0,0,0,0,0
69,2024-08-13,600047624,600047624|4295666|4813565,4813565,4295666,ding meng,rami hamed,0,rami hamed,DEC-UNA,3,15,-3.4251216657426227,2.5400000000000205,5.079999999999984,0,0,0,0,0,0,0,0,0,0,0,0,0
69,2024-08-13,600047624,600047624|4691323|5149722,5149722,4691323,mikheil sazhiniani,bruno lopes,0,bruno lopes,KO-TKO,2,9.23,-3.4497628288055218,-5.0800000000000125,-7.6200000000000045,0,0,0,-1,0,0,0,0,-3.78,-5.291005291005291,0,0,0
69,2024-08-13,600047624,600047624|5057023|5211221,5211221,5057023,mansur abdul-malik,wes schultz,1,mansur abdul-malik,KO-TKO,2,8.92,-1.1608725709631287,0,6.349999999999994,0,0,0,0,0,0,0,0,0,0,0,0,0
69,2024-08-13,600047624,600047624|5147737|5200305,5147737,5200305,lone'er kavanagh,an tuan ho,1,lone'er kavanagh,KO-TKO,1,2.42,1.3032437353265287,0,1.2700000000000102,0,0,0,0,0,0,0,0,0,0,0,0,0
69,2024-08-13,600047624,600047624|5212749|5223435,5223435,5212749,jose miguel delgado,ernie juarez,1,jose miguel delgado,KO-TKO,2,6.42,-0.27105279369186164,7.6200000000000045,10.159999999999997,0,0,0,0,0,0,0,0,0,0,0,0,0
70,2024-08-20,600047773,600047773|4001837|4863329,4001837,4863329,rizvan kuniev,hugo cunha,1,rizvan kuniev,KO-TKO,1,4.98,0.9062472193131974,2.539999999999992,-7.6200000000000045,0,0,0,1,1,1,1,0,11,7.090909090909091,4.090909090909091,0,0
70,2024-08-20,600047773,600047773|4050996|4694832,4694832,4050996,cam rowston,torrez finney,0,torrez finney,DEC-UNA,3,15,3.7618842276022093,17.78,7.6200000000000045,0,0,0,-1,-1,-1,0,-1,-7.720000000000001,-0.9067357512953367,-13.60103626943005,0,-3.8860103626943
70,2024-08-20,600047773,600047773|4245470|4775129,4775129,4245470,cortavious romious,michael imperato,1,cortavious romious,DEC-UNA,3,15,-4.34779632709775,-7.6200000000000045,3.8100000000000023,1,0,0,1,0,0,0,0,0.48,14.583333333333334,0,0,0
70,2024-08-20,600047773,600047773|4738749|5212851,4738749,5212851,andreas gustafsson,pat pytlik,1,andreas gustafsson,KO-TKO,2,8.33,-1.8261839736613368,0,1.2700000000000102,0,0,0,0,0,0,0,0,0,0,0,0,0
70,2024-08-20,600047773,600047773|5001014|5144174,5144174,5001014,billy brand,cody haddon,0,cody haddon,SUBMISSION,1,3.15,2.1821118845698386,-2.5400000000000205,-8.889999999999986,0,0,0,0,0,0,0,0,0,0,0,0,0
71,2024-08-28,600047774,600047774|4421157|5212854,4421157,5212854,adam bramhald,malcolm wellmaker,0,malcolm wellmaker,KO-TKO,1,2.48,0.19712930450317145,0,-2.539999999999992,0,0,0,0,0,0,0,0,0,0,0,0,0
71,2024-08-28,600047774,600047774|4705665|5211225,4705665,5211225,liam anderson,andrey pulyaev,0,andrey pulyaev,DEC-UNA,3,15,2.6585077037858404,-5.079999999999984,-7.6200000000000045,-1,0,0,0,0,0,0,0,0,0,0,0,0
71,2024-08-28,600047774,600047774|5013686|5138111,5013686,5138111,matthieu duclos,marco tulio,0,marco tulio,KO-TKO,2,7.63,-0.8076825670616117,7.6200000000000045,6.350000000000023,0,0,0,-1,-1,0,0,0,-15,-3.2,-2,0,-1
71,2024-08-28,600047774,600047774|5144006|5212738,5212738,5144006,michael aswell jr.,bogdan grad,0,bogdan grad,DEC-SPLT,3,15,-4.999418194761017,0,-2.5400000000000205,0,0,0,-1,0,0,0,0,-1.38,-9.420289855072465,0,-21.739130434782613,0
71,2024-08-28,600047774,600047774|5195917|5211224,5211224,5195917,jack duffy,nick piccininni,0,nick piccininni,DEC-SPLT,3,15,1.2074169900819314,2.5400000000000205,7.6200000000000045,0,0,0,0,0,0,0,0,0,0,0,0,0
72,2024-09-04,600047775,600047775|4701954|5214599,5214599,4701954,igor cavalcanti,seokhyeon ko,0,seokhyeon ko,DEC-UNA,3,15,-4.0438886493220245,2.539999999999992,21.590000000000003,-1,0,0,0,0,0,0,0,0,0,0,0,0
72,2024-09-04,600047775,600047775|4848673|5211247,4848673,5211247,will currie,djorden santos,0,djorden santos,DEC-UNA,3,15,-1.2813404792706216,7.6200000000000045,1.2699999999999818,0,0,0,0,0,0,0,0,0,0,0,0,0
72,2024-09-04,600047775,600047775|5085318|5157667,5157667,5085318,quillan salkilld,gauge young,1,quillan salkilld,DEC-UNA,3,15,0.5448434943907117,7.6200000000000045,12.699999999999989,0,0,0,0,0,0,0,0,0,0,0,0,0
72,2024-09-04,600047775,600047775|5120304|5172335,5172335,5120304,dorian ramos,austin bashi,0,austin bashi,SUBMISSION,2,8.25,7.745538922770486,5.0800000000000125,0,0,0,0,0,0,0,0,0,0,0,0,0,0
72,2024-09-04,600047775,600047775|5211222|5211223,5211223,5211222,yuneisy duben,shannon clark,1,yuneisy duben,KO-TKO,1,1.22,-4.002820044217195,-2.539999999999992,1.2699999999999818,0,0,0,0,0,0,0,0,0,0,0,0,0
73,2024-09-11,600047776,600047776|4239113|4690484,4690484,4239113,corinne laframboise,nicolle caliari,0,nicolle caliari,SUBMISSION,1,4.75,7.447107059008744,2.539999999999992,7.6200000000000045,0,0,0,0,0,0,0,0,0,0,0,0,0
73,2024-09-11,600047776,600047776|5149815|5224461,5149815,5224461,yousri belgaroui,taiga iwasaki,1,yousri belgaroui,KO-TKO,3,12.57,5.021321450816927,10.160000000000025,15.240000000000009,0,0,0,1,0,0,0,0,15,3.2,2,0,1
73,2024-09-11,600047776,600047776|5212850|5212853,5212850,5212853,josias musasa,otari tanzilovi,1,josias musasa,DEC-SPLT,3,15,-0.5037748892858822,-5.0800000000000125,10.159999999999997,1,0,0,0,0,0,0,0,0,0,0,0,0
73,2024-09-11,600047776,600047776|5216713|5228275,5228275,5216713,phil latu,navajo stirling,0,navajo stirling,KO-TKO,2,7.35,6.721561702156791,-2.539999999999992,-7.6200000000000045,0,0,-1,0,0,0,0,0,0,0,0,0,0
74,2024-09-18,600047777,600047777|4935217|5074129,5074129,4935217,ahmad hassanzada,dylan mantello,1,ahmad hassanzada,SUBMISSION,3,12.68,-4.002820044217199,0,5.0800000000000125,0,0,0,0,0,0,0,0,9.11,-6.820019428431824,-2.722307213532426,0,-5.2264808362369335
74,2024-09-18,600047777,600047777|5144797|5215272,5215272,5144797,aaron tau,elijah smith,0,elijah smith,DEC-UNA,3,15,9.040568937076053,-12.699999999999989,-12.700000000000017,0,0,0,0,0,0,0,0,0,0,0,0,0
74,2024-09-18,600047777,600047777|5212856|5212857,5212857,5212856,arthur lopes,tallison teixeira,0,tallison teixeira,KO-TKO,1,1.95,6.800961005359454,-12.699999999999989,-13.969999999999999,1,0,0,0,0,0,0,0,0,0,0,0,0
74,2024-09-18,600047777,600047777|5218420|5218421,5218421,5218420,ateba gautier,yura naito,1,ateba gautier,KO-TKO,2,9,-5.954947740200005,10.159999999999997,17.78,0,0,0,0,0,0,0,0,0,0,0,0,0
74,2024-09-18,600047777,600047777|5218815|5218816,5218816,5218815,joey hart,benjamin bennett,0,benjamin bennett,DEC-SPLT,3,15,-3.1294277089878655,7.6200000000000045,15.240000000000009,0,0,0,0,0,0,0,0,0,0,0,0,0
75,2024-09-25,600047778,600047778|4047571|5216851,5216851,4047571,danylo voievodkin,bailey schoenfelder,1,danylo voievodkin,SUBMISSION,1,1.22,-2.822782124205151,2.539999999999992,5.0800000000000125,1,0,0,0,0,0,0,0,0,0,0,0,0
75,2024-09-25,600047778,600047778|4082400|5153082,5153082,4082400,daniel frunza,vadym kutsyi,1,daniel frunza,KO-TKO,2,8.5,-2.737907006988504,2.539999999999992,5.079999999999984,0,0,0,0,0,0,0,0,0,0,0,0,0
75,2024-09-25,600047778,600047778|5075992|5142277,5075992,5142277,alexia thainara,rose conceição,1,alexia thainara,DEC-UNA,3,15,1.478469783773793,-2.539999999999992,5.0800000000000125,0,0,0,0,0,0,0,0,0,0,0,0,0
75,2024-09-25,600047778,600047778|5145681|5222338,5145681,5222338,kevin vallejos,cam teague,1,kevin vallejos,KO-TKO,1,2.38,-3.8166423677419807,-7.6200000000000045,-2.539999999999992,0,0,0,1,0,0,0,0,15,4.733333333333333,0,0,0
75,2024-09-25,600047778,600047778|5216849|5220883,5216849,5220883,kevin christian,francesco mazzeo,1,kevin christian,SUBMISSION,2,9.280000000000001,2.672197238820786,10.159999999999997,12.699999999999989,0,0,0,0,0,0,0,0,0,0,0,0,0
76,2024-10-02,600047779,600047779|4050996|5130607,5130607,4050996,abdellah er-ramy,torrez finney,0,torrez finney,KO-TKO,1,4.17,2.0944988603462065,10.159999999999997,-2.539999999999992,0,0,0,-2,-1,-0.5,0,-0.5,-11.36,-1.540492957746479,-11.223591549295776,0,-1.3204225352112677
76,2024-10-02,600047779,600047779|4503229|5235875,4503229,5235875,david martinez,xavier franklin,1,david martinez,DEC-UNA,3,15,-2.800878868149244,-2.539999999999992,0,-1,0,0,0,0,0,0,0,0,0,0,0,0
76,2024-10-02,600047779,600047779|4571450|5125484,5125484,4571450,carlos calderon,alberto montes,0,alberto montes,SUBMISSION,2,7.63,-1.6975023443328752,10.159999999999997,5.0800000000000125,1,0,0,0,0,0,0,0,0,0,0,0,0
76,2024-10-02,600047779,600047779|5081274|5213352,5081274,5213352,bartosz szewczyk,diyar nurgozhay,0,diyar nurgozhay,KO-TKO,2,8.53,-0.4079481440412849,5.079999999999984,-2.5400000000000205,-1,0,0,0,0,0,0,0,0,0,0,0,0
76,2024-10-02,600047779,600047779|5149961|5150152,5149961,5150152,jacobe smith,christien savoie,1,jacobe smith,KO-TKO,2,7.92,-3.3840530606377968,7.6200000000000045,0,1,0,0,0,0,0,0,0,0,0,0,0,0
77,2024-10-09,600047780,600047780|4896556|5212748,4896556,5212748,vanilto antunes,islam dulatov,0,islam dulatov,KO-TKO,1,2.73,3.59487190017591,-7.6200000000000045,-7.6200000000000045,0,0,0,0,0,0,0,0,0,0,0,0,0
77,2024-10-09,600047780,600047780|5001017|5218814,5218814,5001017,anthony drilich,sean gauci,0,sean gauci,DEC-UNA,3,15,2.5599430515342547,0,2.539999999999992,1,0,0,0,0,0,0,0,0,0,0,0,0
77,2024-10-09,600047780,600047780|5193167|5212351,5212351,5193167,kody steele,chasen blair,1,kody steele,KO-TKO,2,9.120000000000001,3.4826177128893825,-2.5400000000000205,0,0,0,0,0,0,0,0,0,0,0,0,0,0
77,2024-10-09,600047780,600047780|5217455|5217935,5217935,5217455,artem vakhitov,islem masraf,1,artem vakhitov,KO-TKO,1,4.38,5.177382150215266,2.539999999999992,2.539999999999992,-1,0,0,0,0,0,0,0,0,0,0,0,0
77,2024-10-09,600047780,600047780|5218817|5218818,5218818,5218817,lucas camacho,mario pinto,0,mario pinto,KO-TKO,1,1.72,5.243091918382994,-2.5400000000000205,2.539999999999992,0,0,0,0,0,0,0,0,0,0,0,0,0
78,2024-10-16,600047781,600047781|5057385|5213179,5057385,5213179,antonio monteiro,yadier del valle,0,yadier del valle,DEC-UNA,3,15,1.075997453746485,-5.079999999999984,2.5400000000000205,-1,0,0,0,0,0,0,0,0,0,0,0,0
78,2024-10-16,600047781,600047781|5134399|5147552,5134399,5147552,nick klein,heraldo souza,1,nick klein,SUBMISSION,1,0.62,-0.7310211708659295,5.079999999999984,10.160000000000025,0,0,0,0,0,0,0,0,0,0,0,0,0
78,2024-10-16,600047781,600047781|5195917|5218137,5218137,5195917,luis gurule,nick piccininni,1,luis gurule,DEC-SPLT,3,15,3.0828832898690592,-2.539999999999992,-5.079999999999984,0,0,0,-1,-1,0,0,0,-15,-5.066666666666666,0,0,0
78,2024-10-16,600047781,600047781|5218668|5236142,5218668,5236142,mohamed ado,jonathan micallef,0,jonathan micallef,SUBMISSION,1,3.02,-1.163610477970117,-2.539999999999992,-2.5400000000000205,-1,0,0,0,0,0,0,0,0,0,0,0,0
78,2024-10-16,600047781,600047781|5223853|5223854,5223853,5223854,leslie hernandez,julieta martinez,0,julieta martinez,DEC-SPLT,3,15,6.710610074128834,5.0800000000000125,6.350000000000023,0,0,0,0,0,0,0,0,0,0,0,0,0
79,2025-08-12,600055020,600055020|5147207|5282842,5282842,5147207,chris ewert,yuri panferov,0,yuri panferov,DEC-UNA,3,15,2.981580730610485,-2.539999999999992,6.349999999999994,0,0,0,-1,0,0,0,0,-7.720000000000001,-0.9067357512953367,-13.60103626943005,0,-3.8860103626943
79,2025-08-12,600055020,600055020|5149437|5296753,5149437,5296753,murtaza talha,baisangur susurkaev,0,baisangur susurkaev,KO-TKO,1,3.07,4.498381212482119,-5.0800000000000125,-12.699999999999989,0,0,0,1,0,0,0,0,9.77,4.912998976458547,0,0,0
79,2025-08-12,600055020,600055020|5264471|5290957,5264471,5290957,jimmy drago,ty miller,0,ty miller,DEC-UNA,3,15,5.292374244508785,-10.159999999999997,-15.240000000000009,0,0,0,0,0,0,0,0,0,0,0,0,0
79,2025-08-12,600055020,600055020|5265556|5279283,5265556,5279283,radley da silva,george mangos,1,radley da silva,DEC-UNA,3,15,8.164438694839731,-2.5400000000000205,2.539999999999992,0,0,0,0,0,0,0,0,0,0,0,0,0
79,2025-08-12,600055020,600055020|5287881|5287948,5287881,5287948,ilian bouafia,neemias santana,1,ilian bouafia,DEC-UNA,3,15,-0.3449762828805518,7.6200000000000045,5.0800000000000125,1,0,0,0,0,0,0,0,0,0,0,0,0
80,2025-08-20,600055021,600055021|4049391|5220468,4049391,5220468,josh hokit,guilherme uriel,1,josh hokit,KO-TKO,2,6.1,-0.7310211708659331,0,-2.5400000000000205,0,0,0,0,0,0,0,0,0,0,0,0,0
80,2025-08-20,600055021,600055021|4694832|5296762,4694832,5296762,cam rowston,brandon holmes,1,cam rowston,KO-TKO,1,2.97,2.0479544412274038,2.539999999999992,10.159999999999997,0,0,0,1,0,0,0,0,15,1.8666666666666667,10,0,0
80,2025-08-20,600055021,600055021|4969974|5219928,5219928,4969974,manuel exposito,jose delano,0,jose delano,DEC-UNA,3,15,-3.657843761336647,-2.539999999999992,-5.0800000000000125,0,0,0,0,0,0,0,0,0,0,0,0,0
80,2025-08-20,600055021,600055021|5212852|5292169,5212852,5292169,louis lee scott,kaushik saikumar,1,louis lee scott,KO-TKO,3,12.33,-2.209490954639726,-5.0800000000000125,-2.539999999999992,0,0,0,0,0,0,0,0,0,0,0,0,0
80,2025-08-20,600055021,600055021|5290789|5290796,5290796,5290789,ramiro jimenez,tommy cuozzi,1,ramiro jimenez,KO-TKO,1,2.88,0.6215048905863902,0,5.079999999999984,1,0,0,0,0,0,0,0,0,0,0,0,0
81,2025-08-27,600055005,600055005|4413642|5302831,5302831,4413642,donte johnson,darion abbey,1,donte johnson,KO-TKO,1,1.07,-5.913879135095176,-15.240000000000009,-17.78,1,0,0,0,0,0,0,0,0,0,0,0,0
81,2025-08-27,600055005,600055005|4915407|5099679,4915407,5099679,damon wilson,marcio barbosa,0,marcio barbosa,KO-TKO,1,4.23,5.06239005592175,7.6200000000000045,-3.8100000000000023,0,0,0,0,0,0,0,0,0,0,0,0,0
81,2025-08-27,600055005,600055005|5085291|5180489,5085291,5180489,manoel sousa,cristian perez,1,manoel sousa,KO-TKO,3,13,2.201277233618761,0,-5.079999999999984,0,0,0,0,0,0,0,0,0,0,0,0,0
81,2025-08-27,600055005,600055005|5216997|5291085,5216997,5291085,trent miller,ryan gandra,0,ryan gandra,KO-TKO,1,2.85,-0.4818716332299786,-5.079999999999984,-6.349999999999994,0,0,0,0,0,0,0,0,0,0,0,0,0
81,2025-08-27,600055005,600055005|5220971|5291025,5291025,5220971,abdul-rakhman yakhyaev,alik lorenz,1,abdul-rakhman yakhyaev,KO-TKO,1,0.5,-3.939848183056462,0,1.2700000000000102,0,0,0,0,0,0,0,0,0,0,0,0,0
82,2025-09-03,600055006,600055006|4063786|5124146,5124146,4063786,samuel silva,mandel nallo,0,mandel nallo,KO-TKO,1,3.48,-6.43681937342998,0,-6.349999999999994,0,-1,0,0,0,0,0,0,0,0,0,0,0
82,2025-09-03,600055006,600055006|4629138|5228596,4629138,5228596,jean-paul lebosnoyani,jack congdon,1,jean-paul lebosnoyani,KO-TKO,1,1.13,-1.686550716304918,-7.6200000000000045,-8.890000000000015,0,0,0,0,0,0,0,0,0,0,0,0,0
82,2025-09-03,600055006,600055006|4977642|5216978,5216978,4977642,cezary oleksiejczuk,theo haig,1,cezary oleksiejczuk,KO-TKO,1,0.6,-3.370363525602855,2.539999999999992,-5.079999999999984,1,0,0,0,0,0,0,0,0,0,0,0,0
82,2025-09-03,600055006,600055006|5150021|5200305,5200305,5150021,an tuan ho,eduardo chapolin,0,eduardo chapolin,DEC-UNA,3,15,-4.846095402369659,-2.5400000000000205,-1.2700000000000102,0,0,0,1,0,0,0,0,2.42,4.132231404958678,0,0,0
82,2025-09-03,600055006,600055006|5212849|5295176,5212849,5295176,tommy mcmillen,david mgoyan,1,tommy mcmillen,DEC-MAJ,3,15,6.527170304660604,7.6200000000000045,8.890000000000015,0,0,0,0,0,0,0,0,0,0,0,0,0
83,2025-09-10,600055007,600055007|4958170|5222338,4958170,5222338,lerryan douglas,cam teague,1,lerryan douglas,KO-TKO,1,0.6,2.800878868149244,0,7.6200000000000045,0,0,0,-1,0,0,0,0,-2.38,-5.882352941176471,0,0,0
83,2025-09-10,600055007,600055007|5157674|5278269,5278269,5157674,carol foro,shanelle dyer,1,carol foro,DEC-UNA,3,15,4.090433068440827,-10.159999999999997,-8.889999999999986,0,0,0,0,0,0,0,0,0,0,0,0,0
83,2025-09-10,600055007,600055007|5193167|5293557,5293557,5193167,samuel sanches,chasen blair,1,samuel sanches,KO-TKO,1,2.02,-4.290300279950991,0,8.889999999999986,0,0,0,-1,0,0,0,0,-9.120000000000001,-5.263157894736842,0,0,0
83,2025-09-10,600055007,600055007|5239615|5292023,5292023,5239615,anthony guarascio,steven asplund,0,steven asplund,KO-TKO,1,0.27,4.3833891181885996,-7.6200000000000045,-15.240000000000009,0,0,0,0,0,0,0,0,0,0,0,0,0
83,2025-09-10,600055007,600055007|5292014|5307524,5292014,5307524,felipe franco,freddy vidal,0,freddy vidal,SUBMISSION,3,14.8,-6.658589840996051,-5.0800000000000125,-8.890000000000015,0,0,0,0,0,0,0,0,0,0,0,0,0
84,2025-09-17,600055031,600055031|5086848|5282412,5282412,5086848,cody chovancek,raphael uchegbu,1,cody chovancek,KO-TKO,3,10.17,-2.9377742184986673,-2.539999999999992,-15.23999999999998,0,0,0,0,0,0,0,0,0,0,0,0,0
84,2025-09-17,600055031,600055031|5109011|5293566,5293566,5109011,in soo hwang,paddy mccorry,0,paddy mccorry,DEC-UNA,3,15,3.890565856930671,-10.159999999999997,2.5400000000000205,0,0,0,0,0,0,0,0,0,0,0,0,0
84,2025-09-17,600055031,600055031|5236383|5307813,5307813,5236383,mackson lee,hecher sosa,0,hecher sosa,DEC-UNA,3,15,-3.367625618595863,12.699999999999989,12.699999999999989,0,0,0,0,0,0,0,0,0,0,0,0,0
84,2025-09-17,600055031,600055031|5307810|5307811,5307811,5307810,mahamed aly,iwo baraniewski,0,iwo baraniewski,KO-TKO,1,0.33,4.857047030397613,7.6200000000000045,11.430000000000007,0,0,0,0,0,0,0,0,0,0,0,0,0
84,2025-09-17,600055031,600055031|5307814|5307815,5307815,5307814,adam livingston,tommy gantt,0,tommy gantt,SUBMISSION,1,2.78,-8.597028001943912,7.6200000000000045,-11.429999999999978,0,0,0,0,0,0,0,0,0,0,0,0,0
85,2025-09-24,600055032,600055032|4687104|5277050,5277050,4687104,justice torres,javier reyes,0,javier reyes,KO-TKO,1,2.53,-4.024723300273106,-5.0800000000000125,-16.50999999999999,1,0,0,0,0,0,0,0,0,0,0,0,0
85,2025-09-24,600055032,600055032|4916608|5308768,4916608,5308768,brahyam zurcher,murtazali magomedov,0,murtazali magomedov,KO-TKO,1,1.62,3.4607144568334753,-2.539999999999992,-1.2699999999999818,0,0,0,0,0,0,0,0,0,0,0,0,0
85,2025-09-24,600055032,600055032|5264925|5282616,5264925,5282616,mantas kondratavičius,djani barbir,1,mantas kondratavičius,KO-TKO,1,1.1,-1.9357002539408725,0,-8.889999999999986,0,0,0,0,0,0,0,0,0,0,0,0,0
85,2025-09-24,600055032,600055032|5308769|5308770,5308770,5308769,sofia montenegro,jeisla chaves,0,jeisla chaves,DEC-SPLT,3,15,-2.371027468052045,5.079999999999984,-1.2700000000000102,0,0,0,0,0,0,0,0,0,0,0,0,0
85,2025-09-24,600055032,600055032|5308871|5308872,5308871,5308872,rafael tobias,jair de oliveira,1,rafael tobias,SUBMISSION,1,3.77,-6.861194959513199,10.159999999999997,12.699999999999989,0,0,0,0,0,0,0,0,0,0,0,0,0
