event_date,fighter_a,fighter_b,fighter_a_matched,fighter_b_matched,both_matched,fighter_a_last_source_date,fighter_b_last_source_date
2017-07-11,azunna anyanwu,greg rebello,1,1,1,2017-02-18,2016-03-11
2017-07-11,charles byrd,jamie pickett,1,0,0,2015-05-08,
2017-07-11,boston salmon,ricky turcios,1,1,1,2016-09-09,2016-09-10
2017-07-11,manny vazquez,joby sanchez,1,1,1,2017-03-31,2017-02-25
2017-07-19,dan spohn,angel de anda,1,0,0,2017-01-27,
2017-07-19,lazar stojadinovic,thanh le,1,1,1,2017-07-18,2017-07-18
2017-07-19,casey kenney,cee jay hamilton,1,0,0,2017-07-18,
2017-07-19,sidney outlaw,michael cora,1,1,1,2016-10-15,2017-05-19
2017-07-19,alfred khashakyan,sean o'malley,1,1,1,2017-07-18,2017-07-18
2017-07-25,geoff neal,chase waldon,1,1,1,2017-07-14,2017-05-19
2017-07-25,jason jackson,kyle stewart,1,1,1,2016-09-09,2017-05-05
2017-07-25,karl roberson,ryan spann,1,1,1,2015-07-18,2017-05-13
2017-07-25,alonzo menifield,daniel jolly,1,1,1,2017-06-02,2013-02-01
2017-07-25,luis gomez,dan ige,1,1,1,2017-04-07,2017-05-19
2017-08-01,julian marquez,phil hawes,1,1,1,2017-05-19,2016-07-30
2017-08-01,brandon davis,austin arnett,0,0,0,,
2017-08-01,ronaldo candido de oliveira,carlos candelario,1,0,0,2015-09-27,
2017-08-01,cheyden leialoha,john castaneda,1,1,1,2017-05-10,2017-05-05
2017-08-01,james gray,kyler phillips,1,1,1,2014-10-17,2017-06-02
2017-08-08,kevin gray,alex perez,1,1,1,2017-05-05,2017-03-25
2017-08-08,mike rodriguez,jamelle jones,1,1,1,2016-11-04,2017-05-20
2017-08-08,ricky simon,donavon frelow,1,1,1,2016-03-04,2017-03-18
2017-08-08,julio arce,peter petties,1,1,1,2017-02-24,2017-04-08
2017-08-08,everett sims,shelton graves,0,1,0,,2017-06-02
2017-08-16,buddy wallace,charles byrd,0,1,0,,2015-05-08
2017-08-16,grant dawson,adrian diaz,1,1,1,2017-08-15,2017-08-15
2017-08-16,cameron olson,karl reed,1,0,0,2017-05-19,
2017-08-16,jaime alvarez,martin day,1,1,1,2015-03-13,2017-03-18
2017-08-16,tiffany masters,jamie colleen miller,0,0,0,,
2017-08-23,mark cherico,mike santiago,1,1,1,2015-05-09,2016-06-17
2017-08-23,kennedy nzechukwu,anton berzin,1,1,1,2016-11-05,2017-05-20
2017-08-23,benito lopez,steven peterson,1,1,1,2017-08-22,2017-08-22
2017-08-23,jordan espinosa,nick urso,1,1,1,2017-08-22,2017-08-22
2017-08-23,jp buys,joby sanchez,0,1,0,,2017-08-22
2017-08-30,casey kenney,adam antolin,1,1,1,2017-08-29,2017-08-29
2017-08-30,kelly velasco,lauren mueller,0,0,0,,
2017-08-30,matt frevola,jose flores,0,1,0,,2017-02-03
2017-08-30,allen crowder,don'tale mayes,1,1,1,2017-08-29,2017-08-29
2017-08-30,bevon lewis,elias urbina,1,1,1,2017-08-29,2017-08-29
2018-06-13,greg hardy,austen lane,1,1,1,2018-06-12,2018-06-12
2018-06-13,sean lally,chris curtis,1,1,1,2018-01-27,2018-04-06
2018-06-13,kevin holland,will santiago jr.,1,1,1,2018-06-12,2018-06-12
2018-06-13,alonzo menifield,dashawn boatwright,1,1,1,2018-06-12,2018-06-12
2018-06-13,montel jackson,rico disciullo,1,1,1,2018-06-12,2018-06-12
2018-06-20,matt sayles,yazan hajeh,1,1,1,2018-06-19,2018-06-19
2018-06-20,emiliano sordi,ryan spann,1,1,1,2018-06-19,2018-06-19
2018-06-20,austin springer,giga chikadze,1,0,0,2016-01-23,
2018-06-20,dwight grant,tyler hill,1,1,1,2016-11-19,2016-10-21
2018-06-27,josh parisian,greg rebello,1,1,1,2017-04-29,2017-07-11
2018-06-27,austin tweedy,te edwards,1,1,1,2018-06-26,2018-06-26
2018-06-27,jamall emmers,julian erosa,1,1,1,2018-06-26,2018-06-26
2018-06-27,jaimelene nievera,antonina shevchenko,1,1,1,2018-06-26,2018-06-26
2018-07-11,joey gomez,kevin aguilar,1,1,1,2016-11-12,2017-08-04
2018-07-11,toby misech,ricky palacios,1,1,1,2018-07-10,2018-07-10
2018-07-11,jordan espinosa,rilley dutro,1,0,0,2018-07-10,
2018-07-11,jalin turner,max mustaki,1,1,1,2018-07-10,2018-07-10
2018-07-11,bevon lewis,alton cunningham,1,1,1,2018-07-10,2018-07-10
2018-07-18,vince morales,domingo pilarte,1,1,1,2018-07-17,2018-07-17
2018-07-18,maycee barber,jamie colleen miller,1,0,0,2017-09-08,
2018-07-18,austin vanderford,angelo trevino,1,1,1,2018-07-17,2018-07-17
2018-07-18,chibwikem onyenegecha,anthony adams,0,1,0,,2018-06-30
2018-07-18,edmen shahbazyan,antonio jones,1,1,1,2018-07-17,2018-07-17
2018-07-25,nick newell,alexander munoz,1,0,0,2018-07-24,
2018-07-25,jeff hughes,josh appelt,1,1,1,2018-07-24,2018-07-24
2018-07-25,jimmy crute,chris birchler,1,1,1,2018-03-23,2016-03-19
2018-07-25,mike davis,sodiq yusuff,0,1,0,,2017-12-15
2018-07-25,chase hooper,canaan kawaihae,1,1,1,2018-07-24,2018-07-24
2018-08-01,jordan griffin,maurice mitchell,1,1,1,2018-07-31,2018-07-31
2018-08-01,roosevelt roberts,garrett gross,1,1,1,2018-07-31,2018-07-31
2018-08-01,justin sumter,ian heinisch,1,1,1,2018-07-31,2018-07-31
2018-08-01,juan adams,shawn teed,0,1,0,,2017-02-18
2018-08-01,mitchell sipe,don'tale mayes,1,1,1,2018-07-31,2018-07-31
2018-08-08,tebaris gordon,greg hardy,1,1,1,2018-08-07,2018-08-07
2018-08-08,bobby moffett,jacob kilburn,1,1,1,2018-08-07,2018-08-07
2018-08-08,marty coughran,alex gilpin,0,1,0,,2018-08-07
2018-08-08,kennedy nzechukwu,dennis bryant,1,0,0,2016-11-05,
2018-08-08,joe lowry,devonte smith,0,1,0,,2018-03-03
2018-08-11,antonio arroyo,diego henrique da silva,1,1,1,2018-08-10,2018-08-10
2018-08-11,marcos conrado jr.,augusto sakai,1,1,1,2018-08-10,2018-08-10
2018-08-11,gustavo gabriel,rogerio bontorin,0,1,0,,2018-08-10
2018-08-11,sarah frota,maiara amanajas dos santos,1,1,1,2018-08-10,2018-08-10
2018-08-11,mayra bueno silva,mayana kellem,0,0,0,,
2018-08-12,bruno assis,andre muniz,1,1,1,2018-08-11,2018-08-11
2018-08-12,leonardo silva de oliveira,marcio alexandre jr.,0,1,0,,2018-08-11
2018-08-12,johnny walker,henrique da silva,1,1,1,2018-08-11,2018-08-11
2018-08-12,taila santos,estefani almeida,1,1,1,2018-08-11,2018-08-11
2018-08-12,marina rodriguez,maria oliveira,1,1,1,2018-08-11,2018-08-11
2018-08-12,raulian paiva,allan nascimento,1,1,1,2018-08-11,2018-08-11
2018-08-12,gleidson cutis,thiago moises,0,1,0,,2018-08-11
2018-08-12,gisele moreira,dayana silva,1,1,1,2018-08-11,2018-08-11
2018-08-12,mabelly lima,luana carolina,1,1,1,2017-11-25,2015-05-30
2018-08-12,john allan,vinicius moreira,1,1,1,2018-08-11,2018-08-11
2019-06-19,brendan loughnane,bill algeo,1,1,1,2019-06-18,2019-06-18
2019-06-19,alton meeks,yorgan de castro,0,1,0,,2018-11-17
2019-06-19,hannah goldy,kali robbins,0,0,0,,
2019-06-19,punahele soriano,jamie pickett,1,1,1,2019-06-18,2019-06-18
2019-06-26,kyle daukaus,michael lombardo,0,1,0,,2019-01-19
2019-06-26,tony johnson,alton cunningham,1,1,1,2019-06-25,2019-06-25
2019-06-26,victor reyna,miguel baeza,1,1,1,2018-07-21,2018-12-15
2019-06-26,miles johns,richie santiago,1,1,1,2018-11-30,2017-11-17
2019-06-26,justin gonzales,zach zane,1,1,1,2019-06-25,2019-06-25
2019-07-10,justin sumter,maki pitolo,1,1,1,2019-07-09,2019-07-09
2019-07-10,jonathan pearce,jacob rosales,1,1,1,2019-07-09,2019-07-09
2019-07-10,jesse wallace,joe solecki,1,1,1,2009-03-21,2019-07-09
2019-07-10,hunter azure,chris ocon,1,1,1,2019-07-09,2019-07-09
2019-07-17,stephen regman,antonio arroyo,1,1,1,2019-07-16,2019-07-16
2019-07-17,aaron jeffery,brendan allen,1,1,1,2016-03-12,2019-02-22
2019-07-17,don'tale mayes,ricardo prasel,1,1,1,2019-07-16,2019-07-16
2019-07-17,ode' osbourne,armando villarreal,1,1,1,2019-07-16,2019-07-16
2019-07-17,kevin syler,lance lawrence,1,1,1,2014-11-07,2016-06-25
2019-07-24,kamuela kirk,billy quarantillo,1,1,1,2019-07-23,2019-07-23
2019-07-24,ramazan kuramagomedov,jordan williams,1,1,1,2019-07-23,2019-07-23
2019-07-24,alexander poppeck,jamahal hill,0,0,0,,
2019-07-24,jj okanovich,christian lohsen,0,1,0,,2019-07-23
2019-07-24,terrance mckinney,sean woodson,1,1,1,2019-07-23,2019-07-23
2019-07-31,daniel rodriguez,rico farrington,1,1,1,2019-02-22,2014-04-03
2019-07-31,aalon cruz,steven nguyen,1,1,1,2019-07-30,2019-07-30
2019-07-31,tracy cortez,mariya agapova,1,0,0,2018-03-24,
2019-07-31,michal martinek,rodrigo nascimento,1,1,1,2019-07-30,2019-07-30
2019-07-31,aleksa camur,fabio cherant,1,1,1,2019-07-30,2019-07-30
2019-08-07,darrick minner,herbert burns,1,1,1,2019-08-06,2019-08-06
2019-08-07,andre muniz,taylor johnson,1,1,1,2019-08-06,2019-08-06
2019-08-07,dwight joseph,jay perrin,1,1,1,2019-08-06,2019-08-06
2019-08-07,lucrezia ria,marilia santos,1,0,0,2018-09-01,
2019-08-07,omar morales,harvey park,1,1,1,2019-08-06,2019-08-06
2019-08-14,sarah alpar,shanna young,1,1,1,2019-08-13,2019-08-13
2019-08-14,tony gravely,ray rodriguez,1,1,1,2019-08-13,2019-08-13
2019-08-14,devin smyth,brok weaver,0,1,0,,2018-02-08
2019-08-14,karl reed,julius anglickas,1,1,1,2019-08-13,2019-08-13
2019-08-14,herdem alacabek,william knight,1,1,1,2017-06-02,2019-01-19
2019-08-21,steve garcia,desmond torres,1,1,1,2019-08-20,2019-08-20
2019-08-21,leon shahbazyan,phil rowe,1,0,0,2017-06-17,
2019-08-21,micol disegni,mallory martin,1,1,1,2019-08-20,2019-08-20
2019-08-21,phil caracappa,ricky steele,1,1,1,2019-08-20,2019-08-20
2019-08-21,jamal pogues,marcos brigagão,1,1,1,2019-08-20,2019-08-20
2019-08-28,teddy ash,duško todorović,1,0,0,2019-03-01,
2019-08-28,tj brown,dylan lockard,0,1,0,,2018-08-03
2019-08-28,sanghoon yoo,peter barrett,0,0,0,,
2019-08-28,kailan hill,impa kasanganay,1,1,1,2019-08-27,2019-08-27
2020-08-05,ty flores,dustin jacoby,1,1,1,2020-08-04,2020-08-04
2020-08-05,jordan leavitt,jose flores,1,1,1,2020-08-04,2020-08-04
2020-08-05,jerome rivera,ronaldo rodríguez,1,1,1,2020-08-04,2020-08-04
2020-08-05,uros medic,mikey gonzalez,0,1,0,,2017-11-18
2020-08-12,daniel swain,tj laramie,1,0,0,2019-01-26,
2020-08-12,brady huang,adrian yanez,1,1,1,2020-08-11,2020-08-11
2020-08-12,anthony adams,impa kasanganay,1,1,1,2020-08-11,2020-08-11
2020-08-12,cory mckenna,vanessa demopoulos,1,1,1,2020-08-11,2020-08-11
2020-08-12,dustin stoltzfus,joe pyfer,1,1,1,2019-06-29,2020-02-21
2020-08-19,louis cosce,victor reyna,0,1,0,,2019-11-01
2020-08-19,chad johnson,josh parisian,1,1,1,2020-08-18,2020-08-18
2020-08-19,kevin syler,kenneth cross,1,1,1,2020-08-18,2020-08-18
2020-08-19,cheyanne vlismas,hilarie rose,1,1,1,2020-08-18,2020-08-18
2020-08-19,orion cosce,matt dixon,1,1,1,2020-08-18,2020-08-18
2020-08-26,alejandro flores,rafael alves,1,1,1,2020-08-25,2020-08-25
2020-08-26,jamie pickett,jhonoven pati,1,1,1,2020-08-25,2020-08-25
2020-08-26,jeff molina,jacob silva,1,1,1,2020-08-25,2020-08-25
2020-08-26,kyron bowen,collin huckbody,1,1,1,2020-08-25,2020-08-25
2020-08-26,anthony romero,mike breeden,1,1,1,2020-08-25,2020-08-25
2020-09-02,jimmy flick,nate smith,1,1,1,2020-09-01,2020-09-01
2020-09-02,jose johnson,ronnie lawrence,1,1,1,2020-09-01,2020-09-01
2020-09-02,cody brundage,william knight,1,1,1,2020-09-01,2020-09-01
2020-09-02,chase gibson,tucker lutz,1,1,1,2020-09-01,2020-09-01
2020-09-02,dennis buzukja,melsik baghdasaryan,1,1,1,2020-09-01,2020-09-01
2020-09-09,phil hawes,khadzhi bestaev,1,0,0,2020-01-19,
2020-09-09,henrique shiguemoto,aliaskhab khizriev,1,1,1,2015-09-12,2018-03-30
2020-09-09,al matavao,tafon nchukwi,1,0,0,2016-10-19,
2020-09-09,drako rodriguez,mana martinez,1,0,0,2020-09-08,
2020-09-09,sherrard blackledge,cameron church,0,1,0,,2019-11-07
2020-09-16,michael lombardo,korey kuppe,1,1,1,2020-09-15,2020-09-15
2020-09-16,dinis paiva,kyle driscoll,1,1,1,2018-06-15,2018-06-08
2020-09-16,jordan williams,gregory rodrigues,1,1,1,2019-07-23,2017-10-21
2020-09-16,danyelle wolf,taneisha tennant,0,1,0,,2020-03-06
2020-09-16,collin anglin,muhammad naimov,1,0,0,2019-06-28,
2020-11-05,luis saldana,vince murdock,1,1,1,2020-11-04,2020-11-04
2020-11-05,edson gomez,ignacio bahamondes,1,1,1,2020-11-04,2020-11-04
2020-11-05,harry hunsucker,jared vanderaa,1,1,1,2020-11-04,2020-11-04
2020-11-05,carlos ulberg,bruno oliveira,1,1,1,2020-11-04,2020-11-04
2020-11-11,luana pinheiro,stephanie frausto,1,1,1,2020-11-10,2020-11-10
2020-11-11,nikolas motta,joe lowry,1,0,0,2020-11-10,
2020-11-11,danny sabatello,taylor moore,1,1,1,2020-11-10,2020-11-10
2020-11-11,mariusz ksiazkiewicz,mario sousa,1,1,1,2020-11-10,2020-11-10
2020-11-11,shaheen santana,natan levy,1,1,1,2020-11-10,2020-11-10
2020-11-18,nick maximov,oscar cota,0,1,0,,2018-11-24
2020-11-18,jacob silva,jp buys,1,0,0,2020-11-17,
2020-11-18,chelsea hackett,victoria leonardo,0,1,0,,2019-03-22
2020-11-18,pauline macias,gloria de paula,1,1,1,2020-11-17,2020-11-17
2020-11-18,sherrard blackledge,tucker lutz,0,1,0,,2020-09-01
2021-09-01,matheus scheffel,azamat murzakanov,1,1,1,2021-08-31,2021-08-31
2021-09-01,carlos candelario,victor altamirano,1,1,1,2021-08-31,2021-08-31
2021-09-01,aj fletcher,leonardo damiani,0,1,0,,2020-12-11
2021-09-01,diego lopes,joanderson brito,1,1,1,2021-08-31,2021-08-31
2021-09-08,mario sousa,chidi njokuani,1,1,1,2021-09-07,2021-09-07
2021-09-08,cj vergara,bruno korea,0,0,0,,
2021-09-08,muin gafurov,chad anheliger,1,1,1,2021-09-07,2021-09-07
2021-09-08,jose alday,saimon oliveira,1,1,1,2021-09-07,2021-09-07
2021-09-15,albert duraev,caio bittencourt,1,1,1,2021-09-14,2021-09-14
2021-09-15,nasrudin nasrudinov,jailton almeida,1,1,1,2020-07-24,2021-02-21
2021-09-15,jasmine jasudavicius,julia polastri,1,1,1,2021-09-14,2021-09-14
2021-09-15,jack della maddalena,ange loosa,1,1,1,2021-09-14,2021-09-14
2021-09-15,brandon lewis,mo miller,1,1,1,2021-09-14,2021-09-14
2021-09-22,jacob rosales,victor martinez,1,1,1,2021-01-15,2019-08-30
2021-09-22,aj dobson,hashem arkhagha,0,1,0,,2020-09-25
2021-09-22,theo rlayang,steven nguyen,1,1,1,2020-12-05,2021-02-19
2021-09-22,kleydson rodrigues,santo curatolo,1,1,1,2019-10-26,2020-08-12
2021-09-22,michael morales,nikolay veretennikov,1,1,1,2021-09-21,2021-09-21
2021-09-29,edivan santos,rizvan kuniev,0,1,0,,2020-12-19
2021-09-29,aaron jeffery,caio borralho,1,1,1,2021-03-12,2019-08-23
2021-09-29,lucas almeida,daniel zellhuber,1,1,1,2021-08-21,2018-04-20
2021-09-29,ihor potieria,lucasz sudolski,1,0,0,2017-07-23,
2021-10-06,shimon smotritsky,mike malott,1,1,1,2021-10-05,2021-10-05
2021-10-06,daniel barez,carlos hernandez,1,1,1,2021-10-05,2021-10-05
2021-10-06,fernie garcia,joshua weems,1,1,1,2021-03-26,2020-01-11
2021-10-06,shonte barnes,joseph holmes,0,1,0,,2019-03-22
2021-10-06,genaro valdez,patrik white,0,0,0,,
2021-10-13,lorenzo hood,martin buday,1,1,1,2016-06-17,2021-06-19
2021-10-13,maria silva,kathryn paprocki,1,1,1,2018-06-09,2021-05-21
2021-10-13,jake hadley,mitch raposo,1,1,1,2021-10-12,2021-10-12
2021-10-13,chris duncan,viacheslav borshchev,1,1,1,2021-10-12,2021-10-12
2021-10-13,christian rodriguez,reyes cortez jr.,1,1,1,2021-10-12,2021-10-12
2021-10-20,james barnes,pedro falcão,1,1,1,2021-10-19,2021-10-19
2021-10-20,caio borralho,jesse murray,1,1,1,2021-10-19,2021-10-19
2021-10-20,piera rodriguez,valesca machado,1,1,1,2021-10-19,2021-10-19
2021-10-20,kaloyan kolev,armen petrosyan,1,0,0,2016-08-02,
2021-10-20,solomon renfro,jonny parsons,1,1,1,2021-10-19,2021-10-19
2021-10-27,karine silva,yan qihui,1,0,0,2020-02-29,
2021-10-27,javid basharat,oron kahlon,1,1,1,2021-10-26,2021-10-26
2021-10-27,kolton englund,manuel torres,1,1,1,2021-05-16,2018-08-18
2021-10-27,xiao long,cristian quiñonez,0,1,0,,2021-02-26
2021-10-27,xie bin,olivier murad,0,1,0,,2021-10-26
2021-10-27,jansey silva,gadzhi omargadzhiev,1,1,1,2021-10-26,2021-10-26
2021-11-03,juan puerta,shang zhifa,1,0,0,2021-11-02,
2021-11-03,jonas bilharinho,canaan kawaihae,1,1,1,2021-11-02,2021-11-02
2021-11-03,yohan lainesse,justin burlinson,1,1,1,2021-11-02,2021-11-02
2021-11-03,maheshate,achilles estremadura,0,0,0,,
2021-11-03,qiulun,erisson ferreira,0,1,0,,2021-11-02
2022-07-27,ozzy diaz,joe pyfer,0,1,0,,2020-02-21
2022-07-27,kaleio romero,dennis buzukja,1,1,1,2022-07-26,2022-07-26
2022-07-27,anton turkalj,acácio dos santos,0,1,0,,2022-04-30
2022-07-27,alessandro costa,juan andres luna,1,0,0,2022-07-26,
2022-08-03,shimon smotritsky,billy ray goff,1,0,0,2022-08-02,
2022-08-03,chris duncan,charlie campbell,1,1,1,2022-08-02,2022-08-02
2022-08-03,shannon ross,vinicius salvador,1,1,1,2022-08-02,2022-08-02
2022-08-03,danilo suzart,waldo cortes-acosta,1,1,1,2022-08-02,2022-08-02
2022-08-03,francis marshall,connor matthews,1,1,1,2022-08-02,2022-08-02
2022-08-10,jamal pogues,paulo renato jr.,1,1,1,2022-08-09,2022-08-09
2022-08-10,karolina wojcik,sandra lavado,1,1,1,2022-08-09,2022-08-09
2022-08-10,édgar cháirez,clayton carpenter,1,1,1,2022-08-09,2022-08-09
2022-08-10,erik silva,anvar boynazarov,1,1,1,2022-08-09,2022-08-09
2022-08-10,bo nickal,zachary borrego,0,1,0,,2022-06-26
2022-08-17,jose johnson,jack cartwright,1,1,1,2022-08-16,2022-08-16
2022-08-17,hailey cowan,claudia leite,1,1,1,2022-08-16,2022-08-16
2022-08-17,claudio ribeiro,ivan valenzuela,1,0,0,2021-09-24,
2022-08-17,nazim sadykhov,ahmad hassanzada,1,0,0,2020-02-01,
2022-08-17,thomas paull,esteban ribovics,1,1,1,2022-08-16,2022-08-16
2022-08-24,amiran gogoladze,darrius flowers,1,1,1,2022-08-23,2022-08-23
2022-08-24,rayanne dos santos,denise gomes,1,0,0,2021-06-05,
2022-08-24,erisson ferreira,jesus aguilar,1,0,0,2022-08-23,
2022-08-24,eduardo neves,mick parkin,1,1,1,2022-08-23,2022-08-23
2022-08-24,josh wang-kim,cameron saaiman,1,0,0,2022-05-21,
2022-08-31,alexander morgan,blake bilder,0,1,0,,2022-08-30
2022-08-31,rodrigo lidio,mateusz rębecki,1,1,1,2022-08-30,2022-08-30
2022-08-31,viktoriia dudakova,maria silva,0,1,0,,2022-03-10
2022-08-31,matej penaz,sedriques dumas,1,1,1,2022-08-30,2022-08-30
2022-08-31,yusaku kinoshita,jose henrique,1,1,1,2022-08-30,2015-06-06
2022-09-07,ismael bonfim,nariman abbasov,1,1,1,2022-09-06,2022-09-06
2022-09-07,jimmy lawson,karl williams,1,1,1,2021-08-27,2022-07-23
2022-09-07,trey waters,gabriel bonfim,1,1,1,2022-09-06,2022-09-06
2022-09-07,nayara maia,tereza bleda,1,1,1,2021-07-03,2021-05-01
2022-09-07,vitor petrino,rodolfo bellato,1,1,1,2021-09-04,2022-03-11
2022-09-14,bruna brasil,marnic mann,1,1,1,2022-09-13,2022-09-13
2022-09-14,ikram aliskerov,mario sousa,1,1,1,2022-09-13,2022-09-13
2022-09-14,daniel marcos,brandon lewis,1,1,1,2019-12-03,2021-09-14
2022-09-14,allan begosso,farid basharat,1,1,1,2022-09-13,2022-09-13
2022-09-14,trevor peek,malik lewis,1,1,1,2022-09-13,2022-09-13
2022-09-21,richard jacobi,austen lane,1,1,1,2022-09-20,2022-09-20
2022-09-21,nurullo aliev,josh wick,1,1,1,2022-09-20,2022-09-20
2022-09-21,jafel filho,roybert echeverria,1,1,1,2022-09-20,2022-09-20
2022-09-21,brunno ferreira,leon aliu,1,1,1,2022-09-20,2022-09-20
2022-09-21,mando gutierrez,raul rosas jr.,1,1,1,2020-09-04,2022-06-24
2022-09-28,mateus mendonca,ashiek ajim,1,1,1,2022-09-27,2022-09-27
2022-09-28,rafael estevam,joao elias,1,1,1,2022-09-27,2022-09-27
2022-09-28,bo nickal,donovan beard,0,1,0,,2021-11-19
2022-09-28,sam patterson,vinicius cenci,1,0,0,2022-09-27,
2022-09-28,emiliano linares,jack jenkins,0,1,0,,2018-03-23
2023-08-08,kevin borjas,victor dias,1,1,1,2022-09-25,2022-11-18
2023-08-08,payton talbott,reyes cortez jr.,1,1,1,2022-10-22,2022-06-10
2023-08-08,kevin szaflarski,caio machado,1,1,1,2022-05-21,2023-01-28
2023-08-08,lucas fernando,cesar almeida,1,0,0,2023-03-10,
2023-08-08,bogdan grad,tom nolan,1,0,0,2023-03-10,
2023-08-15,paulo renato jr.,ibo aslan,1,0,0,2022-08-09,
2023-08-15,george hardwick,abdul-kareem al-selwady,1,1,1,2023-04-15,2023-02-17
2023-08-15,cameron smotherman,charalampos grigoriou,1,1,1,2022-12-18,2021-03-11
2023-08-15,emrah sonmez,hyder amil,1,1,1,2022-12-31,2022-07-29
2023-08-15,janaina silva,eduarda moura,1,1,1,2022-11-04,2023-03-25
2023-08-23,isis verbeek,josefine knutsson,0,0,0,,
2023-08-23,kaik brito,oban elliott,1,1,1,2023-08-22,2023-08-22
2023-08-23,zachary reese,eli aronov,1,1,1,2023-08-22,2023-08-22
2023-08-23,robbie ring,luis pajuelo,1,1,1,2023-08-22,2023-08-22
2023-08-30,mitch ramirez,carlos prates,1,1,1,2023-08-29,2023-08-29
2023-08-30,thomas petersen,chandler cole,1,1,1,2023-08-29,2023-08-29
2023-08-30,bolaji oki,dylan salvador,1,1,1,2018-10-13,2022-01-28
2023-08-30,mateo vogel,timmy cuamba,0,0,0,,
2023-08-30,yousri belgaroui,marco tulio,1,1,1,2022-03-25,2023-01-28
2023-09-06,brendson ribeiro,bruno lopes,1,1,1,2023-09-05,2023-09-05
2023-09-06,rainn guerrero,dione barbosa,1,1,1,2021-08-26,2023-02-10
2023-09-06,dylan budka,chad hanekom,1,1,1,2023-09-05,2023-09-05
2023-09-06,kevin vallejos,jean silva,1,1,1,2023-09-05,2023-09-05
2023-09-06,ramon taveras,serhiy sidey,1,0,0,2023-03-04,
2023-09-13,aj cunningham,steven nguyen,0,1,0,,2023-09-12
2023-09-13,patricia alujas,julia polastri,1,1,1,2023-09-12,2023-09-12
2023-09-13,eduardo neves,jhonata diniz,1,1,1,2023-09-12,2023-09-12
2023-09-13,malik lewis,james llontop,1,1,1,2023-09-12,2023-09-12
2023-09-13,kasey tanner,jean matsumoto,1,1,1,2023-09-12,2023-09-12
2023-09-20,dylan mantello,kaynan kruschewsky,1,1,1,2023-09-19,2023-09-19
2023-09-20,jacobi jones,daniel allen,1,0,0,2023-05-19,
2023-09-20,greg velasco,shamil gaziev,1,1,1,2021-10-02,2023-02-18
2023-09-20,jhonata silva,igor severino,1,1,1,2023-09-19,2023-09-19
2023-09-27,victor madrigal,vinicius oliveira,1,1,1,2023-09-26,2023-09-26
2023-09-27,angel pacheco,danny silva,1,1,1,2023-09-26,2023-09-26
2023-09-27,raheam forest,danny barlow,1,1,1,2023-09-26,2023-09-26
2023-09-27,alexander soldatkin,mario piazzon,1,1,1,2022-01-29,2023-03-25
2023-09-27,carli judice,ernesta kareckaite,0,0,0,,
2023-10-04,victor hugo,eduardo torres caut,1,0,0,2023-10-03,
2023-10-04,raimond magomedaliev,mauricio ruffy,1,1,1,2022-03-11,2023-05-26
2023-10-04,murtaza talha,rodolfo bellato,0,1,0,,2023-03-10
2023-10-04,magomed gadzhiyasulov,jose daniel medina,1,0,0,2023-10-03,
2023-10-11,yuri panferov,torrez finney,1,0,0,2022-11-17,
2023-10-11,marquel mederos,issa isakov,1,1,1,2022-05-15,2020-08-08
2023-10-11,ramon taveras,cortavious romious,1,1,1,2023-10-10,2023-10-10
2023-10-11,connor matthews,jair farias,1,1,1,2023-10-10,2023-10-10
2023-10-11,lucas rocha,davi bittencourt,1,1,1,2023-10-10,2023-10-10
2023-10-11,andre lima,rickson zenidim,1,0,0,2023-10-10,
2024-08-13,rami hamed,ding meng,1,0,0,2020-05-29,
2024-08-13,mikheil sazhiniani,bruno lopes,1,1,1,2024-03-02,2024-01-27
2024-08-13,wes schultz,mansur abdul-malik,0,1,0,,2024-02-09
2024-08-13,an tuan ho,lone'er kavanagh,1,1,1,2023-09-22,2024-03-30
2024-08-13,jose miguel delgado,ernie juarez,0,1,0,,2024-03-29
2024-08-20,rizvan kuniev,hugo cunha,1,1,1,2020-12-19,2023-11-03
2024-08-20,torrez finney,cam rowston,1,0,0,2024-05-04,
2024-08-20,michael imperato,cortavious romious,1,1,1,2024-01-19,2024-04-20
2024-08-20,andreas gustafsson,pat pytlik,1,1,1,2023-11-25,2019-03-01
2024-08-20,cody haddon,billy brand,1,1,1,2021-06-05,2023-07-22
2024-08-28,malcolm wellmaker,adam bramhald,1,1,1,2024-08-27,2024-08-27
2024-08-28,andrey pulyaev,liam anderson,1,1,1,2024-08-27,2024-08-27
2024-08-28,matthieu duclos,marco tulio,0,1,0,,2024-01-27
2024-08-28,michael aswell jr.,bogdan grad,0,1,0,,2024-08-27
2024-08-28,nick piccininni,jack duffy,0,1,0,,2023-04-28
2024-09-04,igor cavalcanti,seokhyeon ko,0,0,0,,
2024-09-04,will currie,djorden santos,1,1,1,2024-03-30,2021-12-19
2024-09-04,gauge young,quillan salkilld,1,0,0,2023-07-28,
2024-09-04,dorian ramos,austin bashi,1,1,1,2024-01-20,2024-06-01
2024-09-04,yuneisy duben,shannon clark,1,1,1,2024-09-03,2024-09-03
2024-09-11,corinne laframboise,nicolle caliari,1,1,1,2021-03-20,2023-10-29
2024-09-11,taiga iwasaki,yousri belgaroui,0,1,0,,2023-10-29
2024-09-11,otari tanzilovi,josias musasa,1,1,1,2024-09-10,2024-09-10
2024-09-11,phil latu,navajo stirling,0,1,0,,2024-06-14
2024-09-18,dylan mantello,ahmad hassanzada,1,0,0,2024-09-17,
2024-09-18,aaron tau,elijah smith,0,0,0,,
2024-09-18,arthur lopes,tallison teixeira,1,1,1,2024-09-17,2024-09-17
2024-09-18,ateba gautier,yura naito,0,0,0,,
2024-09-18,benjamin bennett,joey hart,1,1,1,2024-09-17,2024-09-17
2024-09-25,danylo voievodkin,bailey schoenfelder,1,1,1,2024-09-24,2024-09-24
2024-09-25,daniel frunza,vadym kutsyi,1,1,1,2024-09-24,2024-09-24
2024-09-25,rose conceição,alexia thainara,1,1,1,2024-09-24,2024-09-24
2024-09-25,kevin vallejos,cam teague,1,1,1,2023-12-22,2024-08-02
2024-09-25,francesco mazzeo,kevin christian,1,1,1,2024-09-24,2024-09-24
2024-10-02,torrez finney,abdellah er-ramy,1,0,0,2024-05-04,
2024-10-02,xavier franklin,david martinez,1,1,1,2024-10-01,2024-10-01
2024-10-02,alberto montes,carlos calderon,1,1,1,2017-07-27,2023-09-23
2024-10-02,diyar nurgozhay,bartosz szewczyk,1,1,1,2024-10-01,2024-10-01
2024-10-02,christien savoie,jacobe smith,0,1,0,,2024-02-23
2024-10-09,vanilto antunes,islam dulatov,0,1,0,,2023-03-11
2024-10-09,anthony drilich,sean gauci,1,1,1,2024-10-08,2024-10-08
2024-10-09,chasen blair,kody steele,1,1,1,2024-10-08,2024-10-08
2024-10-09,islem masraf,artem vakhitov,1,0,0,2024-03-07,
2024-10-09,lucas camacho,mario pinto,0,1,0,,2023-03-11
2024-10-16,yadier del valle,antonio monteiro,1,1,1,2024-10-15,2024-10-15
2024-10-16,heraldo souza,nick klein,1,1,1,2024-05-11,2023-05-20
2024-10-16,nick piccininni,luis gurule,0,1,0,,2024-09-22
2024-10-16,jonathan micallef,mohamed ado,0,0,0,,
2024-10-16,leslie hernandez,julieta martinez,1,1,1,2024-10-15,2024-10-15
2025-08-12,chris ewert,yuri panferov,0,1,0,,2022-11-17
2025-08-12,murtaza talha,baisangur susurkaev,0,1,0,,2025-02-21
2025-08-12,ty miller,jimmy drago,0,1,0,,2025-03-14
2025-08-12,radley da silva,george mangos,1,0,0,2024-05-09,
2025-08-12,ilian bouafia,neemias santana,1,0,0,2024-07-25,
2025-08-20,josh hokit,guilherme uriel,1,1,1,2025-08-19,2025-08-19
2025-08-20,brandon holmes,cam rowston,0,0,0,,
2025-08-20,jose delano,manuel exposito,0,1,0,,2025-08-19
2025-08-20,kaushik saikumar,louis lee scott,1,1,1,2025-08-19,2025-08-19
2025-08-20,ramiro jimenez,tommy cuozzi,1,0,0,2023-05-13,
2025-08-27,donte johnson,darion abbey,1,1,1,2025-08-26,2025-08-26
2025-08-27,damon wilson,marcio barbosa,1,1,1,2025-08-26,2025-08-26
2025-08-27,manoel sousa,cristian perez,1,1,1,2025-08-26,2025-08-26
2025-08-27,ryan gandra,trent miller,1,1,1,2025-08-26,2025-08-26
2025-08-27,alik lorenz,abdul-rakhman yakhyaev,1,1,1,2025-08-26,2025-08-26
2025-09-03,mandel nallo,samuel silva,1,1,1,2025-09-02,2025-09-02
2025-09-03,jean-paul lebosnoyani,jack congdon,1,1,1,2025-09-02,2025-09-02
2025-09-03,theo haig,cezary oleksiejczuk,1,1,1,2025-09-02,2025-09-02
2025-09-03,eduardo chapolin,an tuan ho,0,1,0,,2025-09-02
2025-09-03,tommy mcmillen,david mgoyan,1,1,1,2025-04-26,2025-02-14
2025-09-10,cam teague,lerryan douglas,1,1,1,2025-09-09,2025-09-09
2025-09-10,carol foro,shanelle dyer,1,1,1,2025-09-09,2025-09-09
2025-09-10,chasen blair,samuel sanches,1,1,1,2025-09-09,2025-09-09
2025-09-10,anthony guarascio,steven asplund,1,1,1,2025-09-09,2025-09-09
2025-09-10,freddy vidal,felipe franco,0,1,0,,2023-03-25
2025-09-17,raphael uchegbu,cody chovancek,1,1,1,2025-09-16,2025-09-16
2025-09-17,in soo hwang,paddy mccorry,0,1,0,,2024-11-15
2025-09-17,hecher sosa,mackson lee,1,0,0,2025-09-16,
2025-09-17,mahamed aly,iwo baraniewski,0,1,0,,2024-11-22
2025-09-17,tommy gantt,adam livingston,0,1,0,,2024-10-18
2025-09-24,justice torres,javier reyes,1,1,1,2025-09-23,2025-09-23
2025-09-24,murtazali magomedov,brahyam zurcher,1,1,1,2025-09-23,2025-09-23
2025-09-24,mantas kondratavičius,djani barbir,1,1,1,2025-09-23,2025-09-23
2025-09-24,sofia montenegro,jeisla chaves,0,0,0,,
2025-09-24,rafael tobias,jair de oliveira,1,1,1,2025-09-23,2025-09-23
