event_date,event_id,full_correct,p_gate,anchor_confidence
2021-11-03,600011553,1,0.7762704115864373,0.7406319736802953
2021-11-03,600011553,1,0.9189995974949929,0.9322201881032266
2021-11-03,600011553,1,0.9474976414474658,0.9933156801364234
2021-11-03,600011553,1,0.7428886591059439,0.7827772623458678
2021-11-03,600011553,0,0.6267552982345078,0.5795003886992852
2022-07-27,600021770,0,0.6800446872276135,0.6289974379490596
2022-07-27,600021770,1,0.9293733513175325,0.8892992684149518
2022-07-27,600021770,1,0.5825976396895052,0.5719147992038729
2022-07-27,600021770,1,0.5748459577503109,0.6940954311047038
2022-08-03,600021771,1,0.9840328485279964,0.9999110721591948
2022-08-03,600021771,1,0.7018269303317198,0.6490861791689974
2022-08-03,600021771,1,0.9638670727779515,0.9955058633356637
2022-08-03,600021771,1,0.9689802270921949,0.9990532231690648
2022-08-03,600021771,1,0.9417984960888789,0.9186130415935662
2022-08-10,600021772,1,0.9856119625300176,0.9959647940909254
2022-08-10,600021772,1,0.9594023628302177,0.9372278131330628
2022-08-10,600021772,1,0.9545930845964876,0.9355701145396109
2022-08-10,600021772,1,0.9352620863884024,0.989863293365958
2022-08-10,600021772,1,0.7501866910506424,0.7577787341792449
2022-08-17,600021773,0,0.9481212181101163,0.6208209717317918
2022-08-17,600021773,0,0.9210610267625162,0.6623473593717646
2022-08-17,600021773,1,0.8864678150697355,0.8731328326538893
2022-08-17,600021773,1,0.6329704909807159,0.5921398622439817
2022-08-17,600021773,1,0.9589607838137769,0.9990947447949626
2022-08-24,600022207,1,0.9140277605486916,0.9058446941274806
2022-08-24,600022207,0,0.8832834857373907,0.8462511195733925
2022-08-24,600022207,0,0.8653394762109131,0.8403438472993773
2022-08-24,600022207,1,0.966230469389832,0.9562158167997143
2022-08-24,600022207,0,0.6361343155958166,0.5550219577327641
2022-08-31,600022208,0,0.5089062067813286,0.522637372885221
2022-08-31,600022208,1,0.9633825784664912,0.9982567448927303
2022-08-31,600022208,1,0.8301183303195969,0.5825288591221052
2022-08-31,600022208,1,0.9462734753204477,0.9793412712583935
2022-08-31,600022208,1,0.9441876370012567,0.9757205642614244
2022-09-07,600022209,1,0.977886778818361,0.999905623934509
2022-09-07,600022209,1,0.9224525082164488,0.6890725542304711
2022-09-07,600022209,1,0.96907474638004,0.9966421160988473
2022-09-07,600022209,1,0.9684155858843358,0.7533866257890377
2022-09-07,600022209,1,0.8851754664400615,0.9454038918248636
2022-09-14,600022210,1,0.9494883591496136,0.956770631612356
2022-09-14,600022210,1,0.9625064715261792,0.9957614903796176
2022-09-14,600022210,1,0.9664334548490573,0.9963871846891924
2022-09-14,600022210,1,0.9698105176644128,0.9835363897037347
2022-09-14,600022210,1,0.9305249615497916,0.9695139992516194
2022-09-21,600022211,1,0.987703225666496,0.7539439356829079
2022-09-21,600022211,1,0.9343211621058191,0.9203983128730486
2022-09-21,600022211,1,0.9423422601471807,0.972272519431832
2022-09-21,600022211,1,0.954259507008163,0.9945169527783788
2022-09-21,600022211,1,0.9464406933243028,0.8640245226187665
2022-09-28,600022212,1,0.9558592615921204,0.9959691063217516
2022-09-28,600022212,1,0.983214735736969,0.9902761823723164
2022-09-28,600022212,0,0.9746445655473861,0.9951013079843298
2022-09-28,600022212,1,0.5462481941540338,0.56196538072434
2022-09-28,600022212,0,0.5728116960093889,0.5768599346650409
2023-08-08,600036332,1,0.9387665306587994,0.5737453473249289
2023-08-08,600036332,1,0.9467672273505475,0.939602755074392
2023-08-08,600036332,0,0.9556972511582374,0.9969969100770772
2023-08-08,600036332,1,0.6710126005181517,0.6327649553480861
2023-08-08,600036332,1,0.4493269743871213,0.5100662151521852
2023-08-15,600036492,1,0.6295015818042644,0.8681679501739779
2023-08-15,600036492,0,0.9605484925281489,0.9970460814510772
2023-08-15,600036492,0,0.37994749872954564,0.5540746971790859
2023-08-15,600036492,1,0.9332152941390051,0.948016778708378
2023-08-15,600036492,1,0.9807462155796434,0.8428521344287333
2023-08-23,600036493,1,0.8199030312001462,0.7804302495091738
2023-08-23,600036493,1,0.8437067372021747,0.9160504709406856
2023-08-23,600036493,1,0.848183456515723,0.8873932819227796
2023-08-23,600036493,1,0.9274033095527177,0.9532587029497498
2023-08-30,600036494,1,0.9526834000730456,0.9954863841812658
2023-08-30,600036494,1,0.9636423406428688,0.996616118733411
2023-08-30,600036494,0,0.9143277016206235,0.8741916946643019
2023-08-30,600036494,0,0.37314562034517196,0.5090320941675185
2023-08-30,600036494,1,0.960899518341998,0.7992900853672555
2023-09-06,600036495,1,0.9838754444453383,0.9838967540163196
2023-09-06,600036495,1,0.28336077063213894,0.5255785856107473
2023-09-06,600036495,1,0.8839265309623436,0.9205795957061472
2023-09-06,600036495,1,0.9419140176294478,0.9644505084867335
2023-09-06,600036495,0,0.36630250117096064,0.5523727459747405
2023-09-13,600036496,1,0.9210760740840824,0.8892539597422118
2023-09-13,600036496,1,0.9364868570965361,0.9708787451499405
2023-09-13,600036496,1,0.9514426578468562,0.963254760281882
2023-09-13,600036496,1,0.9782400923266528,0.9976972705873871
2023-09-13,600036496,1,0.9593154685677971,0.9987634645938989
2023-09-20,600036497,1,0.9740076627694731,0.9938015270662307
2023-09-20,600036497,1,0.5358781431442398,0.5611909577467309
2023-09-20,600036497,1,0.9852691842795935,0.8358685331947088
2023-09-20,600036497,1,0.9385411062799961,0.9874325986546555
2023-09-27,600036498,1,0.615833164899077,0.7227885570745788
2023-09-27,600036498,1,0.9270140164827141,0.9512494417391493
2023-09-27,600036498,1,0.9279106278450238,0.9846795489077769
2023-09-27,600036498,0,0.9867093137730767,0.8719540037950657
2023-09-27,600036498,0,0.9122360027072544,0.6296505432474198
2023-10-04,600036499,1,0.8377930070359105,0.8015525507715966
2023-10-04,600036499,1,0.6383220590865593,0.5584103364549549
2023-10-04,600036499,0,0.5140564371337808,0.5437306982795271
2023-10-04,600036499,0,0.47980812927432354,0.5094044965495472
2023-10-11,600036500,1,0.6766548029777357,0.6831871182420832
2023-10-11,600036500,1,0.6299911520457185,0.6431454708051906
2023-10-11,600036500,1,0.8131284495349427,0.932030394053456
2023-10-11,600036500,1,0.4096591812764674,0.5171024787472394
2023-10-11,600036500,1,0.9364722816299083,0.992541466759146
2023-10-11,600036500,1,0.8464096705181178,0.8147315655656183
2024-08-13,600047624,0,0.6133801244540558,0.5843705733538305
2024-08-13,600047624,1,0.8941946011065169,0.5575573597696497
2024-08-13,600047624,1,0.6010928471963571,0.5778687949104653
2024-08-13,600047624,1,0.9092948000480183,0.8629375136480217
2024-08-13,600047624,1,0.8147199767438497,0.6403407537046838
2024-08-20,600047773,1,0.9385224541323146,0.9571361323405084
2024-08-20,600047773,1,0.6394756260336122,0.8991318456131515
2024-08-20,600047773,1,0.5349063639409172,0.9670953871316864
2024-08-20,600047773,1,0.9138621271638583,0.8906124361286227
2024-08-20,600047773,0,0.8892720347606445,0.9334623056691119
2024-08-28,600047774,1,0.9115026588366525,0.965536170627258
2024-08-28,600047774,1,0.9529860606950785,0.9445751018422452
2024-08-28,600047774,1,0.2851834869647677,0.5827971225682841
2024-08-28,600047774,1,0.507519341113223,0.7093311921460451
2024-08-28,600047774,0,0.8875352691941122,0.6727098243448628
2024-09-04,600047775,0,0.5414778683763813,0.5619485265951736
2024-09-04,600047775,0,0.9503369572593433,0.9678075716801914
2024-09-04,600047775,1,0.738011559876929,0.5065102638430712
2024-09-04,600047775,1,0.9297841674508214,0.9559996264030982
2024-09-04,600047775,1,0.9064336564006638,0.9574050271308504
2024-09-11,600047776,0,0.6848366648000496,0.6296705144294552
2024-09-11,600047776,0,0.8216652132370416,0.7063171393230386
2024-09-11,600047776,1,0.8972658645991016,0.9738203982590665
2024-09-11,600047776,1,0.8429293427076938,0.9030927364427864
2024-09-18,600047777,0,0.5356202331369492,0.5371166136986423
2024-09-18,600047777,1,0.5090632877080117,0.5439973153778751
2024-09-18,600047777,1,0.9073245414295076,0.9141955238899517
2024-09-18,600047777,1,0.8291551637494362,0.7025963744477347
2024-09-18,600047777,1,0.8956602983319099,0.9263549981450624
2024-09-25,600047778,1,0.9217459141279458,0.9809851618201414
2024-09-25,600047778,1,0.876064866868072,0.8876212028208281
2024-09-25,600047778,1,0.93370719900828,0.97769326091447
2024-09-25,600047778,0,0.5660430541085976,0.5763541159898985
2024-09-25,600047778,1,0.9346648497669107,0.9540136339704577
2024-10-02,600047779,1,0.8101888844436749,0.9362534146917668
2024-10-02,600047779,1,0.9434307508103266,0.9473912023241705
2024-10-02,600047779,1,0.7785923278138176,0.714992810415683
2024-10-02,600047779,1,0.935147964925727,0.9898660205621488
2024-10-02,600047779,1,0.6804630727543098,0.6704129310333535
2024-10-09,600047780,1,0.6204182976584597,0.602654479778238
2024-10-09,600047780,1,0.9453877156246542,0.9925030692827285
2024-10-09,600047780,1,0.9216604954607199,0.9620225280749388
2024-10-09,600047780,0,0.7829674512521512,0.7079917749368625
2024-10-09,600047780,1,0.6215967631815732,0.6137088757777419
2024-10-16,600047781,1,0.8770344961971364,0.9529587637209406
2024-10-16,600047781,1,0.7253744582094703,0.5217232955100213
2024-10-16,600047781,0,0.541665250734498,0.6419779237848279
2024-10-16,600047781,0,0.6123263684661205,0.5893438639313101
2024-10-16,600047781,1,0.9368181995780732,0.9848810421097967
2025-08-12,600055020,1,0.8536364685448392,0.8498526692699091
2025-08-12,600055020,1,0.8874585298523423,0.5945599156393402
2025-08-12,600055020,1,0.6149978075676182,0.5811620437701494
2025-08-12,600055020,0,0.7928715602846044,0.7768259733322832
2025-08-12,600055020,1,0.5615484809066315,0.555759872964634
2025-08-20,600055021,1,0.9299209515000895,0.9849575622224512
2025-08-20,600055021,1,0.8480593971077529,0.8458368259978999
2025-08-20,600055021,0,0.5975960931002094,0.5993474835409093
2025-08-20,600055021,1,0.9329524784521973,0.9869513834633374
2025-08-20,600055021,1,0.6918091497098162,0.6227660370144454
2025-08-27,600055005,1,0.8961012825791256,0.9213315302161624
2025-08-27,600055005,1,0.9455741366368742,0.9862750376225518
2025-08-27,600055005,1,0.9533069759109811,0.825795903435845
2025-08-27,600055005,1,0.9357708170188898,0.976803994793967
2025-08-27,600055005,1,0.9307337333748199,0.9884486756385974
2025-09-03,600055006,1,0.905393231756584,0.9439322591271226
2025-09-03,600055006,1,0.9462867907017286,0.9597573641745826
2025-09-03,600055006,1,0.9427507325511928,0.9932901948840753
2025-09-03,600055006,0,0.807202041700725,0.8758934997924734
2025-09-03,600055006,0,0.7754366320147693,0.7707610899857007
2025-09-10,600055007,1,0.9209388689986959,0.9079997196704827
2025-09-10,600055007,1,0.829016816513316,0.5193613982715332
2025-09-10,600055007,1,0.9470740908971725,0.9924087590715647
2025-09-10,600055007,1,0.9147968502829147,0.9265064953848773
2025-09-10,600055007,0,0.5615308038530357,0.5930170916721669
2025-09-17,600055031,1,0.8760449377200581,0.9433993143545282
2025-09-17,600055031,1,0.40571690580709674,0.539985709507119
2025-09-17,600055031,0,0.4803655286130182,0.5970025984147953
2025-09-17,600055031,1,0.3921041819450256,0.5418913014083468
2025-09-17,600055031,1,0.7053765038365165,0.5149627034713997
2025-09-24,600055032,1,0.8858186452838718,0.629973435822679
2025-09-24,600055032,1,0.8376455829865584,0.5724319468434131
2025-09-24,600055032,1,0.9118397824083356,0.8729049301451529
2025-09-24,600055032,1,0.42942828018990664,0.536653072855868
2025-09-24,600055032,1,0.9499664403077653,0.9901596565467232
