fighter_name,as_of_date,evidence_class,submission_access_quality,back_exposure_created,back_exposure_allowed,durability_after_clean_damage,failed_finish_cardio_cost,late_round_momentum_reversal,size_physicality,decision_resilience,elite_amateur_pedigree,amateur_fight_sample,pre_ufc_championship_experience,five_round_experience,grappling_generated_tko_access,slam_ground_damage_tko_access,early_finish_route_strength,post_high_output_round_freshness,notes
Alivia Bierley,2026-10-06,"full amateur fight source located + current regional history",2,2,,3,,3,4,3,2,3,2,,1,1,3,3,"Five-fight win streak; three pro KOs; former amateur title-fight footage located; physical-strength note in UFC preview. Unknown defensive back-exposure left missing."
Summer Onley,2026-10-06,"current UFC preview + full regional result history; no full pro playback verified",2,2,,4,,3,3,3,3,3,4,1,1,1,4,3,"6-0 with five KO/TKO wins; reigning FCC champion; UFC notes European BJJ championship pedigree and one-punch power."
Salhahuddin Everett,2026-10-06,"current UFC preview/reports + regional result history",3,3,,3,,2,4,,2,3,1,,2,1,4,3,"4-0 with four first-round finishes; two KO/TKO and two submissions; long frame and aggressive finish profile."
Ozzy Martin,2026-10-06,"current UFC preview/reports + regional result history",1,1,,3,,2,3,,1,2,1,,1,1,4,3,"4-0, all four wins by KO/TKO; most recent finish in 30 seconds."
Roque Conceicao Moreira Junior,2026-10-06,"verified full prior-DWCS fight source + current regional history",2,2,3,2,3,3,2,2,2,3,3,,1,1,4,3,"11-3 with ten finishes; prior DWCS tape shows R1 TKO loss after being dropped by counter right; current return win by KO."
Alexander Chavez,2026-10-06,"current UFC/regional history; no full-fight playback verified",1,1,,4,,3,3,4,2,3,2,,1,1,3,3,"9-0 with six KO/TKO and three decision wins; unbeaten durability/decision sample but defensive back-exposure evidence incomplete."
Ryuho Miyaguchi,2026-10-06,"verified full Road to UFC fight source + current history",1,1,4,2,3,2,3,2,3,4,3,,1,1,4,2,"7-1 with six KOs; Road to UFC loss by submission provides direct grappling-access/back-exposure evidence."
Mateus Soares,2026-10-06,"current UFC/regional history; no full-fight playback verified",2,2,2,3,3,3,3,3,3,4,3,4,1,1,4,3,"11-2 with nine KO/TKO and one submission; extensive regional/championship experience and a long-fight decision sample."
Nell Ariano,2026-10-06,"current UFC preview + regional history",2,3,,4,3,3,4,4,4,4,3,,3,2,3,4,"6-0 with four KO/TKO and two decisions; judo black belt and former French national-team athlete; strong amateur base."
Preston LaGrange,2026-10-06,"current UFC preview + detailed loss footage/report + regional history",4,4,3,1,3,3,3,,3,4,2,,3,2,4,3,"6-1 with 100% finishes; wrestling/grappling base and four submissions; lone loss came after triangle attempt was countered by slam and ground strikes."
